id,phrase,category,source,proof_app_name,proof_rating,proof_date
90ad6cce-ec6b-4dbe-a40b-d6bb420b8f89,very bad because many more late all orders,unknown,play_store,Zomato,1,2026-06-12 12:10:09
a082cc73-a6af-491f-bc11-1b6dc7f715f2,Everytime your orders get delayed. And you will be so helpless that you can't contact any customer executive. These days zomato sucks in performance delivery. Better to learn from Swiggy people . Concentrate on business first then in social media .,unknown,play_store,Zomato,1,2026-06-12 12:09:56
256e5108-74da-488b-b5ca-2412e09ef17b,too much extra charges.,unknown,play_store,Zomato,1,2026-06-12 12:02:08
367aafba-decc-44b0-8dd9-b8f17097ff59,Compare to swiggy i think they intentionally remove the discount which are on restaurants,unknown,play_store,Zomato,1,2026-06-12 11:44:06
ef68e021-a52e-445a-8921-769b1094446e,why this don't gives us cod,unknown,play_store,Zomato,1,2026-06-12 11:30:01
21dea81e-b7c2-4aa6-a9ad-571a0beb0ea5,packeging fee whats your packeging inside your packeging is primium 😡😡😡😡😡 normal packeging and your fee is 14 rupees platform fee next gst extra i am not ordering by your platform i am done 😐😐😐,unknown,play_store,Zomato,1,2026-06-12 11:18:32
0ec32519-3f43-4452-8798-54883a5bb7f7,one of the worst app 🤦👎,unknown,play_store,Zomato,1,2026-06-12 11:11:35
0b92ce94-57af-4374-8ee0-a204bde4fda9,call no,unknown,play_store,Zomato,1,2026-06-12 11:10:25
afc2334d-7227-4a14-8fb2-1f3c486a9c78,very nice,unknown,play_store,Zomato,1,2026-06-12 10:59:30
cebec80b-0f79-44a8-9872-b0d6d3d164d7,scam,unknown,play_store,Zomato,1,2026-06-12 10:42:04
ef60b2f6-660b-4556-a8e7-3f28ef3c6845,very bad experience. money not return to oder cancel to side to shop . jab oder cancel zomato ki side se tha money return nhi Kiya,unknown,play_store,Zomato,1,2026-06-12 10:39:08
9730d5c0-5828-4ee1-a396-cf83eb9b65be,good,unknown,play_store,Zomato,1,2026-06-12 10:07:03
d9744b8f-e3a8-467d-b51e-1cbb9562cf45,Sabse bekar app,unknown,play_store,Zomato,1,2026-06-12 10:01:42
d16b9547-53f0-4e87-b6f4-0c5a5a27740b,TODAY 12TH OF JUNE IT WAS ZPL HAND CRICKET RESULTS ON YOUR APP BUT THERE IS NO SIGN OF IT ON THE APP,unknown,play_store,Zomato,1,2026-06-12 09:16:15
13ea89eb-4c5a-4c8d-be91-bd4cfcfe9c24,delivery fee too high,unknown,play_store,Zomato,1,2026-06-12 09:15:54
2e3abbe3-2dc1-4091-99e7-9566ab86e9d9,"There is no option to cancel the order, as I place order by mistake and trying to cancel immediately but not support by anyside, later I received call said you get charged heavy penalty on next order.. so uninstall app with 1st disappointed order.... penalty will be pending...",unknown,play_store,Zomato,1,2026-06-12 08:46:54
b1ffaa64-e546-4b08-9a8c-9a601c2c8a37,Deer Suresh sir my payment 11 day pintg,unknown,play_store,Zomato,1,2026-06-12 08:41:57
22856360-9cf5-4ccc-9d9f-ef28dccb8441,do not use this app they are just looting people and they are not verifying restaurant and dishes properly,unknown,play_store,Zomato,1,2026-06-12 08:06:29
b8fe0a11-505b-4eb9-80f8-dd23a9fdfc2b,it is not placing the oeder,unknown,play_store,Zomato,1,2026-06-12 07:27:07
f98047b2-a6db-4018-adf2-c22b0ffbc3d0,"in 2026 this app has lots of scams. trust only COD. multiple times items have not been delivered or missing item. they wont even give refund for the item they missed. no instant resolve , and you cant demand any refund from the restraunt (obviously).",unknown,play_store,Zomato,1,2026-06-12 06:55:26
e6bc5430-9c2d-4422-9dd2-e3ce43bb8ba9,Not best no any reward in lucky drow please delete this app thankyou,unknown,play_store,Zomato,1,2026-06-12 06:25:24
74c70812-e439-417f-94f5-335dd1575f2e,kya bakwas chiz hai Mausam saaf mai ye delivery dete hai are mausam saaf mai to khud hi le layega insan delivery deni hai to barish mai do naa tbhi to fayda hai Ghar baithe khana mil jayega baitha hote hi band krke baith jate ho apne apne employee ko ek ek rain coat do,unknown,play_store,Zomato,1,2026-06-12 06:13:43
a5ef5a03-c3aa-4e82-b8fd-b26d0dcb13aa,not even ok. order kro charges itne or order kr lo cancel ho jata h. COD krni ho option nhi hota or online pay kro to refund fail ho jata h 5-7days wait kro usme bhi kisi ko yaad rhe na rhe. Even support bhi helpful nhi hai... just awful.,unknown,play_store,Zomato,1,2026-06-12 06:08:38
2e02b20d-4962-4da0-b2c6-9fa23ad3400f,Unable to provide services which they promise on the app. Support system is absolutely worst and forces users to only choose the worst options as no good ones are available. and even when mistaken instead of helping just say sorry nd say we will share feedback.,unknown,play_store,Zomato,1,2026-06-12 05:02:58
f3ab60ff-4864-4427-a735-162822f8992a,"I will wait for your response but I have been insulted, your staff, their customer service is like this. While we are talking, you cut the call while we are talking. Sir, it seems that Zomato's services aren't providing any value to its customers. I don't think I'll ever replace my next order with Zomato. I wasn't expecting your services to be the same as the ones I'd get from Zomato. Sir, it is 4 o'clock at this time and any restaurant can order sweets or ice cream, it is not available on time.",unknown,play_store,Zomato,1,2026-06-12 04:19:30
5d022e02-876d-400d-ab14-b6c0bdb4ff05,very bad experience. they do nothing even cases of serious fraud by restaurants,unknown,play_store,Zomato,1,2026-06-12 03:43:51
fff02568-84fa-4299-a25a-87c30a798244,pathetic service,unknown,play_store,Zomato,1,2026-06-12 03:18:27
60cd6b89-555c-402b-ab9c-56dd41c7c904,very poor service,unknown,play_store,Zomato,1,2026-06-12 03:08:27
80b90320-d41f-47c6-84cc-cddda843922d,not good 😡,unknown,play_store,Zomato,1,2026-06-12 02:56:28
ba05d7d8-d0d2-49ee-b4f2-06d05c48249d,very worst app do not order 🤮🤮🤢,unknown,play_store,Zomato,1,2026-06-12 02:23:49
8b82f7ec-b4b8-42a8-9c4f-0fad9a9911ac,nagedi thottam 12V,unknown,play_store,Zomato,1,2026-06-12 02:15:06
63a0124d-223b-4bef-9c04-ff8183b01f60,Mat use karo isko isse badiya Swiggy hai time par dilivery ho jati hai sabse bekaar hai zomato thook ta hoon espar do paise ki service nhi hai inki 2 ghante se jyada ho gaya order received hone banda bhooka manjaye yahse order mt karna bhaiyon warning hai,unknown,play_store,Zomato,1,2026-06-12 02:08:51
dbefcb57-417e-4e29-950d-8ebce71e0a17,not good,unknown,play_store,Zomato,1,2026-06-12 01:55:27
0d54ffce-6c0f-49ca-bb10-27d46bd2c19b,Honestly the worst app scam scam scam,unknown,play_store,Zomato,1,2026-06-12 01:41:54
ccdffdc1-5eec-4caf-bfa5-2a6289490c5c,"The delivery was heavily delayed. When the executive, Pragya, finally arrived, they were extremely rude and unprofessional. Zomato needs to look into both this restaurant's quality standards and the behaviour of their Zomato executive pragya. Highly disappointed.👎",unknown,play_store,Zomato,1,2026-06-12 01:15:03
5ebbf81e-da80-4cd3-b993-6fbffb5fcb4d,nice,unknown,play_store,Zomato,1,2026-06-12 00:46:36
f2ff3f5d-9150-4c37-b130-22bd4cdf8c4b,"paid for my order and waited for more than 1.5 hours, only to be told that my order had been picked up by one delivery partner and then another delivery partner was assigned later. When the second delivery partner reached the restaurant, the restaurant staff informed him that the order had already been picked up and marked as delivered. The problem is, I never received my food. Nobody from the support team provided a proper solution. After making me wait for so long, their only response too",unknown,play_store,Zomato,1,2026-06-12 00:41:14
6d57cd3f-d938-4e99-85d5-e1c640c3fa3a,hight rate and dely Oder,unknown,play_store,Zomato,1,2026-06-12 00:39:48
87e4f38a-8d98-40e6-901c-b2acd0ed6feb,pooe quality sse with media in morning,unknown,play_store,Zomato,1,2026-06-12 00:32:09
d63c2c2c-7b1b-4f9d-a29a-a8139568a143,This App Is To Irresponsible For Service Of Orders Response And To Lag People This Waste And Swiggy Is Best More Than Zomato So I Will Prefer Swiggy Because Friendly Comunication Best Fast Response,unknown,play_store,Zomato,1,2026-06-12 00:32:06
f0a239d4-6166-48a9-a381-604a9cfb0e6e,fghji,unknown,play_store,Zomato,1,2026-06-12 00:26:18
e6c55883-fb31-4a5d-902d-5a45d28f528c,poor service,unknown,play_store,Zomato,1,2026-06-12 00:21:40
95e4e7f9-3b20-4d07-aef6-30cd03cf45eb,delivery experience has been horrible lately.,unknown,play_store,Zomato,1,2026-06-12 00:21:16
87e71022-eb60-4da6-865d-3aa17112550d,jaldi nhi ata h oder taime par,unknown,play_store,Zomato,1,2026-06-12 00:14:19
d880198a-c6d0-4bd0-afcd-e15293cb2a12,"woW!! it's 12june 2026 ,,,ZPL ,,,, RESULT DAY BUT That option could not be showing on ZOMATO 😕😕 NICE FOOLISHIng OF people,,,,AND ONE THING THANK YOU FOR WASTE,,OUR TIME ,,,,, SADLY LEAVING MY MSG ,,,WHY NOT PEOPLE REACT ABOUT IT 😁😁",unknown,play_store,Zomato,1,2026-06-12 00:12:16
86ac326d-3d71-43f4-9285-a2828bd26f7d,pizza padtar apay che sav vest of money,unknown,play_store,Zomato,1,2026-06-11 23:59:13
353dd429-6b78-4ba5-847a-2730466f5b9b,price to high,unknown,play_store,Zomato,1,2026-06-11 23:58:58
e6a38e35-0281-4cbc-951c-dbd382aa0a70,These Agents try to fool the customer to hide their deficiency,unknown,play_store,Zomato,1,2026-06-11 23:57:19
cef151ba-f5ad-4b77-be9c-f97e99b6271c,posa khani besuin itay,unknown,play_store,Zomato,1,2026-06-11 23:56:47
ef4b67c1-c5b1-4d44-91ac-971678c44e4c,"most of the time offer not applied , wasting of time",unknown,play_store,Zomato,1,2026-06-11 23:53:01
5e84ccfe-4818-4021-bc78-f082a96bd216,"I paid online for my order but did not receive my parcel. After contacting support, I was connected to the delivery partner, who stated that he left my parcel on a public bench instead of delivering it to my address. I checked the location, but the parcel was not there. This is extremely frustrating and disappointing, especially since I have already paid for the order. This is not my fault. Please take immediate action, investigate this issue, and resolve it urgently.",unknown,play_store,Zomato,1,2026-06-11 23:36:54
c96bf023-0981-41db-9445-2b8ce01b4a0f,2 ghante 48 mints ho gaye order Kiya abhi tak order nhi aaya mera😔,unknown,play_store,Zomato,1,2026-06-11 23:29:23
8327dee6-1786-4044-b113-281fa45347ab,lovda lo app bro money taranfer chasa kani oder raledhe money refund kaledu,unknown,play_store,Zomato,1,2026-06-11 23:24:51
e4272223-918b-459b-bafe-d507a278c6e0,offer kuch or apply kuch or,unknown,play_store,Zomato,1,2026-06-11 23:18:54
50170d17-e796-4902-afa2-7b85a99d35df,very bad experience I faced today worst app other flatforms are better than this app I deleted this app no more needed 2 n half hours took for recive parcel.reastarant around 1km far and 3 delivery person went to pick up rejected finally 3rd person dropped food that was too half boiled 🤢 really worst experience I never ever use this app again,unknown,play_store,Zomato,1,2026-06-11 23:17:13
37000475-a157-49e2-acea-4018908d7714,Worth less in spending time to write a review for them.,unknown,play_store,Zomato,1,2026-06-11 23:15:42
b6ac45c0-c0f2-46c6-9c68-7fbcd55aa7ec,"recently i started to hate this app , but now they don't care about customer service and review. They always delay the order and don't give any compensation or coupons for the delay and service support also does not work so kindly use swiggy or any other app or takeaway from your nearest store don't order food from zomato again 🙏",unknown,play_store,Zomato,1,2026-06-11 23:12:50
b0670fda-5292-473b-a08d-b42cbd91b322,"very bad experience,i recommend to uninstall",unknown,play_store,Zomato,1,2026-06-11 23:10:04
73072987-285f-4104-85d8-382b55226098,"I had gold membership then I paid extra for their new VIP service for faster delivery. Food was supposed to be delivered in 45min without VIP, with VIP it was supposed to be faster. But Waiting for 1 hour in middle of night they just told me that due to some technical problem they have cancelled my ordered from their end and initiating the refund. Now I am sitting here without any food and can't even order because it's already midnight. WHAT A HIGH QUALITY SERVICE ZOMATO IS PROVIDING.",unknown,play_store,Zomato,1,2026-06-11 23:03:02
2f4a18b0-9216-43d5-9954-cda4fbbe088d,"I am very disappointed. Today I ordered a 1kg cake, at the time of order delivery, 2 cakes of 500gm each were completely broken, the amount of which was Rs 804, but Zomato gave me a coupon of only Rs 500rs very bad experience from zomato",unknown,play_store,Zomato,1,2026-06-11 23:00:36
ded42fdb-2b43-48c0-8449-8486ef30541d,every time getting delay food from zomato,unknown,play_store,Zomato,1,2026-06-11 22:50:16
6d181f0c-5ecc-4e23-abcb-983ba29b8fac,umm,unknown,play_store,Zomato,1,2026-06-11 22:45:09
23f6cd6c-b11d-46fe-afdc-d2d41fb61344,"i am uninstalling this app , they don't even provide refund for worst quality food . swiggy is always best then these guys at least they provide support and refund against complaints.",unknown,play_store,Zomato,1,2026-06-11 22:43:32
8533d713-bc68-4415-a224-a7745a92d4dc,bed service high price hige delevery charges and very poor delivery,unknown,play_store,Zomato,1,2026-06-11 22:42:41
d34540e7-0503-41fe-a269-f00238d145f1,worst app on these days no common sense of delivering food on time ..waste nd worst,unknown,play_store,Zomato,1,2026-06-11 22:25:01
c3f667ac-04cd-4350-adad-65e354b4d481,Poor customer support. Giving stale food n looting customers and support staff not even ready to speak...they have just installed a bot to reply to ur ruined hard earned money. All r chor,unknown,play_store,Zomato,1,2026-06-11 22:16:21
c9caf733-b93c-477d-be84-ef1843619907,"Prices is high. Platform, fe not justified.",unknown,play_store,Zomato,1,2026-06-11 22:11:34
62d33353-51d9-4484-953d-e4a86cabe752,Edit: Zomato has discontinued customer support. just bots harassing customers with no resolutions. Proud to be deleting the app Another star in the house. Now Zomato partner with goons of Haryana. I place order on Zomato and receive half the order. On calling the restaurant I jus get to hear abusive owner. No action at all bt Zomato as the restaurant pays them huge. I cn still see the pathetic restaurant in all promoted ads by Zomato. Anything for money guys! You are unethical and pathetic!,unknown,play_store,Zomato,1,2026-06-11 22:06:54
6b8768af-3e51-4655-bdfa-5439513c4064,"it's one of the worst app. they do not respond to customer complaints, and also do not provide an option of support they end the chat based on their convenient.",unknown,play_store,Zomato,1,2026-06-11 22:05:44
f1b8a7ec-027c-44ee-8a85-bb0e7539ec68,not good app isase good app Swiggy and zomato hai,unknown,play_store,Zomato,1,2026-06-11 22:01:25
68043ee0-e6e1-4d91-ba30-aae14a223e91,"Agar Play Store review me likhna hai, to gaali-galauj ke bina likhne se review zyada credible lagta hai aur remove hone ki sambhavna bhi kam hoti hai. Review: ⭐☆☆☆☆ Very poor experience. Today's order was delivered by two individuals, and one of them appeared to be under the influence of alcohol. This is extremely unprofessional and raises concerns about customer safety. It seems there is no effective system to monitor or verify the conduct of delivery personnel.",unknown,play_store,Zomato,1,2026-06-11 22:00:22
7d782cec-3f61-4ed3-b86a-73e33394f0ad,very costly food,unknown,play_store,Zomato,1,2026-06-11 21:51:50
547427ba-8cc9-41f5-b87e-c401ed8336a3,"order was not delivered, made me wait for 2 hours and the simply cancelled from their side. all you get after this distress is your money back.",unknown,play_store,Zomato,1,2026-06-11 21:50:54
e788c1a5-3fc5-4a75-bfa6-0672fb740075,"Absolutely pathetic. I ordered a pizza & it took 2 hours to deliver. It was too cold to eat. Had to throw it in dustbin. I contacted their customer ""care"" after 1.30 hrs of placing my order. Asked them to help me cancel it they absolutely refused to refund. I felt like being mugged. yes that is what I feel about Zomato 'Muggers in corporate disguise "". I vow not to place any orders from hereon & also warn people that if unfortunately you happen to place orders on zomato plz don't pay upfront.",unknown,play_store,Zomato,1,2026-06-11 21:49:05
6cff3af8-b9c9-4d4d-8023-a14f7a834924,terrible terrible experience it's been more than 1hr 45 min order is still not there now I can't even order from elsewhere cuz it's already too late their support is also not good very badd experience,unknown,play_store,Zomato,1,2026-06-11 21:47:22
8fcd1133-3421-4500-9f78-066b9c956648,Worst food delivery app ever.....,unknown,play_store,Zomato,1,2026-06-11 21:44:36
fe748936-81a6-40cb-8aba-1ed16a4bc4ae,"very bad experience, they marked delivery as delivered but no one contacted and delivered good to us.",unknown,play_store,Zomato,1,2026-06-11 21:35:09
ca44aa5c-2bf1-42e8-8484-d802034667a3,"If you won't let people have customer support for wrong orders, stop running a food service app.",unknown,play_store,Zomato,1,2026-06-11 21:35:03
87ff1566-6e81-421e-8e87-f6164a82cc7a,gm chinni,unknown,play_store,Zomato,1,2026-06-11 21:28:08
e7bc07ce-d42e-4ec2-9a82-230da1208723,Good,unknown,play_store,Zomato,1,2026-06-11 21:27:59
4c95830b-cd18-47c9-a200-294ba72cc58e,"Extremely disappointed with Zomato's service. Cash on Delivery is not available on my account despite the fact that I have never cancelled any orders or violated any policies. There is no clear explanation from customer support, and the issue remains unresolved. It's frustrating when loyal customers are denied a basic payment option without any reason. Poor customer experience and lack of transparency. Expected much better from a platform of this scale.",unknown,play_store,Zomato,1,2026-06-11 21:27:30
85dfb37e-484e-4dc0-ab4b-7b490db45e8f,they told 15min and they took 30min,unknown,play_store,Zomato,1,2026-06-11 21:26:30
0e4c871a-0c76-437d-b5c0-88630d6276e3,bad service,unknown,play_store,Zomato,1,2026-06-11 21:21:22
e7b84ad0-fe68-47e6-b269-9ca4deedae66,late me my order,unknown,play_store,Zomato,1,2026-06-11 21:18:11
b74de0ab-6932-42c2-ae02-ce3e12c45ab3,expensive,unknown,play_store,Zomato,1,2026-06-11 21:15:23
18d30d38-d2fd-47c1-9569-e6269cd47479,"Very pathetic experience with a recent order. As the consumers increases quality of service decreased, worst customer support service.",unknown,play_store,Zomato,1,2026-06-11 21:12:19
7e949813-5c84-4a32-b4c4-b65fc8442613,not good quality food,unknown,play_store,Zomato,1,2026-06-11 21:11:16
9d1a6b8c-f922-4991-a558-faa8f4d14f39,order not yet delivered??,unknown,play_store,Zomato,1,2026-06-11 21:09:53
fbdbe148-b52c-4750-ad9c-b137124cd31e,"For 2 hours the delivery guy was refusing to deliver me ( i had some construction goin on, but i told him another way which was of just 2 min.) after the zomato customer service called me and asked me accept my order or else it will be cancelled from my side ! After 2 hours they called me, and at last they cancelled it from my side which is absolutely unfair!",unknown,play_store,Zomato,1,2026-06-11 21:03:45
7d76c27b-ab84-489b-97e5-3b68131169e1,online order is robbery,unknown,play_store,Zomato,1,2026-06-11 20:58:01
c9255413-eaa0-44f6-bc34-39c19ff7f8ae,worst food delivery company. Always want to impose things,unknown,play_store,Zomato,1,2026-06-11 20:55:50
e10506d0-5ea1-469d-aeb8-98c8a9ea7133,your service is not sweet able an cost havvy,unknown,play_store,Zomato,1,2026-06-11 20:54:00
697af35b-50e0-4236-80f8-fb5a21f2f615,very bad taste.... I ordered kadhai paneer they sent me Chilli panir... and taste of daal makhni was very bad and very bad smell coming from it,unknown,play_store,Zomato,1,2026-06-11 20:52:17
b10fea2f-abe9-4413-b218-a73da5ea27c0,the platform fee keep on increasing. starts from 2rs now it's 14.9rs. which is not acceptable,unknown,play_store,Zomato,1,2026-06-11 20:50:00
fe560add-6735-4f00-81b1-af3ea2800b16,EK STAR BHI DENE PAR BURA LGRA HAI HMNE ABHI ORDER DIYA THA USMEIN OFFER CHALRA HMNE PEHLE HI PAYMENT KRDIA AUR DELIVERY MAN NE FRAUD AUR KAR DIA USNE ORDER HI NAHI POCHAYA GALAT HAI YE SAB APNE STAFF PR DYAN DIJIYE,unknown,play_store,Zomato,1,2026-06-11 20:41:37
989a171d-ccbd-4bee-b1a1-5dcf0ab966d8,"I would NOT order anything and feel bad about it unless emergency this is purely based on my previous and ongoing experience. When you have a problem, You need to go to the chatbot and whatever issue you report they have a standard answer ""Thank you for your feedback. We sincerely apologize for your experience today and will strive to do better next time.""",unknown,play_store,Zomato,1,2026-06-11 20:38:34
94278817-1f72-47d7-bccd-effede24d355,"Delayed delivery is very common experience, why penalty refund is not given by Zomato. Delayed delivery means waste of time of customer, even of order is cancelled time is wasted. But Zomato, the Seller makes profit even if order is delayed.",unknown,play_store,Zomato,1,2026-06-11 20:38:20
21066b70-721b-4bb0-b088-cec3c6ec39e1,"Worst customer support can't connect them, trying to reach restaurant it's switched off",unknown,play_store,Zomato,1,2026-06-11 20:37:21
8d7a578c-4916-4a0e-9724-71db4c2982ee,not good to expensive,unknown,play_store,Zomato,1,2026-06-11 20:29:56
66486ffd-9291-4335-b9c0-508af3c3e2cf,"the support chatbot doesn't let you cancel the order until it is prepared and then it says it can't cancel the order now. the chatbot doesn't connect us to a supervisor even when explicitly told to do so several times. it takes 3 seperate conversations, half an hour and a call from the manager to cancel one order after the delivery guy is already at our doorstep. Absolute Horrid Customer support. PS: Has happened multiple times",unknown,play_store,Zomato,1,2026-06-11 20:27:03
32c0a18b-1f18-4005-b525-d227447fbf75,They are charging too much extra charges,unknown,play_store,Zomato,1,2026-06-11 20:24:25
71f4e5e2-23c9-458b-84f4-94d20e817e9e,very bad experience,unknown,play_store,Zomato,1,2026-06-11 20:16:04
ac29c7c0-bdea-4489-b953-c0f43b8dd2dc,pathetic service,unknown,play_store,Zomato,1,2026-06-11 20:14:37
8dbc5f4a-098e-4b32-b36b-bba3d7bcd688,the zomato associated hotel scammed me and the zomato is also scamming with them as well and I faced an issue with the order and they told they will look into and after some time they are saying we are not to able to reach out to that restaurant how the hell you guys are connected with restaurant without the correct communication strategy get the hell out of this app,unknown,play_store,Zomato,1,2026-06-11 20:10:17
9e7f3818-3867-4a8f-be17-e96df42fd7f4,the customer service chat is awfully bad.,unknown,play_store,Zomato,1,2026-06-11 20:01:53
50aa3ec4-991d-4b33-80e6-f20d27f16bd3,ok,unknown,play_store,Zomato,1,2026-06-11 20:01:48
942b278b-3e9e-45a8-acc1-a12c5db479bb,last time I oder cheez busy Pizza from your 250 offer the restrunt send me cold and stale pizza send me your zomato support also not help me this regarding my money waste just because of you,unknown,play_store,Zomato,1,2026-06-11 19:47:40
89d807c9-66fc-43fc-a434-6a250df2b36a,ਟਾਈਮ ਜਿਆਦਾ ਲਗਾ ਦੀਯਾ,unknown,play_store,Zomato,1,2026-06-11 19:41:37
6d290b80-427e-452c-a37e-d16e054f4cc7,due to restorent availablity,unknown,play_store,Zomato,1,2026-06-11 19:39:03
fa29d934-18c3-49f3-863a-a215a6f61dd8,"The most pathetic app. They do not seem to have the capability to serve orders. There have been multiple instances of order cancellation an hour into the order. All they can do is talk, while on ground their service just seems to deteriorate with every passing day",unknown,play_store,Zomato,1,2026-06-11 19:34:24
245c4ffa-fc97-49cc-b56a-88a63e7a52de,"Turning 5 star to 3 as after the aqusition of Uber eats the delivery is still restricted to small area. Not as Uber eats use to do. No competition seems no improvement, only improving the UI of the app doesn't make more sense. Ur delivery and taxes are too high.",unknown,play_store,Zomato,1,2026-06-11 19:20:52
7f4509a7-ce9e-4b44-adf1-ed7130534ac2,no way to contact resturant.,unknown,play_store,Zomato,1,2026-06-11 19:16:29
8bd56461-d38f-42a6-a01b-f51deaee1a39,"worst don't order through zomato, quantity was very very less but they charging after coupon 160 ruprees",unknown,play_store,Zomato,1,2026-06-11 19:14:57
43c2d2d5-f166-4f5a-b6c9-21f0e923b5ee,support system is not good,unknown,play_store,Zomato,1,2026-06-11 19:05:42
ba42ca1a-c06f-4c74-8583-a6e7002e008a,all r good but cash on delivery not available 🤬🤬,unknown,play_store,Zomato,1,2026-06-11 19:03:22
7b792403-1576-4bb4-be04-5c2880b61f98,location issue we can't order products for our relatives.,unknown,play_store,Zomato,1,2026-06-11 19:02:11
2bf8c533-dc33-42d9-a714-033395a03c9f,no offers and no discounts for me..,unknown,play_store,Zomato,1,2026-06-11 19:00:59
5bd4910a-c24d-4c9e-a6b7-9baf2b898a26,good,unknown,play_store,Zomato,1,2026-06-11 18:57:31
4b970d39-25cc-4a21-aed0-a3ee1f9c83af,The worst customer support out of all the delivery companies. There is no option to connect to an actual human. Everything is automated bot reply. Zero help from support after missing delivery.,unknown,play_store,Zomato,1,2026-06-11 18:57:01
732f837f-79e0-42ba-ad07-b2236bf28d21,the worst app to get your food delivered on the train . I have experienced it multiple times if the problem is really genuine then also the zomato customer care checks the patience of the consumer and frustrated them more instead of solving problems. Today also the same thing happened I was traveling from the train and I ordered the food from zomato and I was literally rotten and had severe spillage issues and the packaging was also tempered. I complained against them but they didn't respond.,unknown,play_store,Zomato,1,2026-06-11 18:46:12
85aa6d77-2f9b-4d07-9abc-1924c7af0c69,heavy rate,unknown,play_store,Zomato,1,2026-06-11 18:08:00
5ae50870-5d4b-47a3-992b-71f95aad2e58,useless Bhai maine khana mgaya inse aur mere ko rescue order pkda diya inlogo nai ose customer sai to paise khaye mere sai bhi paise khaye inhone no refund,unknown,play_store,Zomato,1,2026-06-11 18:01:08
31e33df0-335e-4529-9a49-1daeb363c75e,too many waste notifications.,unknown,play_store,Zomato,1,2026-06-11 17:56:26
cb680e25-016f-47db-9292-734a873c7533,I have not got delivery... delivery person left without calling,unknown,play_store,Zomato,1,2026-06-11 17:41:30
d0a8519d-e8bb-4f42-99e8-01a4d136dfd8,very very bad app.... this app delivery partner very long time food delivered,unknown,play_store,Zomato,1,2026-06-11 17:07:55
ec4d6da8-2b81-4960-84cf-8b97827f3fcc,"I’ve had a terrible experience with Zomato. It had been over an hour since I placed my order; someone else took it, yet the company didn't inform me. It was only when I contacted them to complain that my order hadn't arrived that they told me someone else had picked it up. I had been waiting for my food for so long.",unknown,play_store,Zomato,1,2026-06-11 17:06:59
48824412-0b2a-4cca-b338-61ae68e0af6f,good,unknown,play_store,Zomato,1,2026-06-11 16:59:51
60ba447a-7b3e-4315-a07d-ade771a8b4ea,wast of Time,unknown,play_store,Zomato,1,2026-06-11 16:36:34
fa499392-e2f4-4822-a2c6-a1f4ac3a920b,so late,unknown,play_store,Zomato,1,2026-06-11 16:36:28
b1af3de7-aff1-4d34-8664-bbef0e44306e,itne sare taxes khud se add kr rha hai very bad aap,unknown,play_store,Zomato,1,2026-06-11 16:26:35
33db35c4-4172-451d-9407-8ce1e509f9f0,poor,unknown,play_store,Zomato,1,2026-06-11 16:04:25
09e32c9d-7ef9-4ccf-8f94-d5cecc26d714,worst app ever t,unknown,play_store,Zomato,1,2026-06-11 15:55:06
f16f8170-6fa4-4ab5-a752-41c62ad0e5da,delivery is taking too long,unknown,play_store,Zomato,1,2026-06-11 15:47:43
20e940e8-193f-4050-922c-c6d261f50dda,food 👎,unknown,play_store,Zomato,1,2026-06-11 15:46:04
f9c3689b-9d81-4750-ad01-3f5499fcd3cb,"I ordered from Zomato because I believed it was a reliable platform. However, my experience was very disappointing. The delivery partner went to the wrong location and refused to come to the correct address. After a long conversation, he asked for extra charges and took ₹50 from me. On top of that, the food was not fresh. It had a very bad smell, and the quality was unacceptable. I also did not receive any spoon with the order.",unknown,play_store,Zomato,1,2026-06-11 15:44:04
c020ec26-30ec-4337-8df4-1bcf2a197770,bad service,unknown,play_store,Zomato,1,2026-06-11 15:36:30
58ac41d9-07d1-48d3-ba01-5768d20825c1,it give me stress .,unknown,play_store,Zomato,1,2026-06-11 15:36:01
d07bb903-57ed-4e27-a658-2f4ebbfa3f5c,not delivering at my location,unknown,play_store,Zomato,1,2026-06-11 15:25:44
523960c0-13de-4aee-bbcc-724e1256e2fc,no offers,unknown,play_store,Zomato,1,2026-06-11 15:21:06
c3cb72d3-6f0b-4715-b51a-8fd19ac542d6,too late delivery very bad 😔😡,unknown,play_store,Zomato,1,2026-06-11 15:15:05
4aa85b54-d9ee-485d-80e6-b0acb344a377,"I deleted my 2 years old Zomato account with 500 plus orders. I was such a loyal and consistent customer but Zomato never cared. Customer support gets commission for not compensating us customers. One day I ordered a mutton and rotis combo, and no rotis was delivered to me. For which Zomato just apologised after 24 hrs and no compensation. A wasted meal and also a loss. I decided to delete my account thinking they will care. But Zomato never cared. I am not becoming their customer again.",unknown,play_store,Zomato,1,2026-06-11 14:56:19
74dbd596-c75d-4511-91aa-534b19865e88,very irresponsible.,unknown,play_store,Zomato,1,2026-06-11 14:50:27
a3bd3992-6c9b-488e-b50c-a21ec59c0af6,worst service by them,unknown,play_store,Zomato,1,2026-06-11 14:47:41
83715be3-7d17-4cec-828b-ff95d24d7374,very worst experience no response,unknown,play_store,Zomato,1,2026-06-11 14:39:07
a29599b6-ab1b-4d9a-9f1d-407f7fd3fa2f,tax prices are too high..,unknown,play_store,Zomato,1,2026-06-11 14:35:11
6045ebba-3c97-4019-8ae5-50ee61b6602d,Not cash on delavery,unknown,play_store,Zomato,1,2026-06-11 14:32:10
0ea7bed5-6636-45e0-b160-4e4bec924350,bauth hi bekar app hai,unknown,play_store,Zomato,1,2026-06-11 14:30:02
449437da-74b9-4b61-bdac-2bf30e940ccd,customer support is very worst,unknown,play_store,Zomato,1,2026-06-11 14:26:29
8c96c167-111d-425f-95af-b3e7a11f2027,"i ordered food item with prepaid, and company showing delivered but I haven't received, customer care is saying, she can't help. I lost my money",unknown,play_store,Zomato,1,2026-06-11 14:25:01
6269a1d7-e96e-42c3-8caf-500853d92b6b,theek,unknown,play_store,Zomato,1,2026-06-11 14:24:21
13d7f615-3de6-41a7-9263-4ca77664b4f4,this is very bad working,unknown,play_store,Paytm,1,2026-06-12 12:04:11
33153a28-763b-444c-95ac-b246e3503850,bad app device environment show ho raha hai koi solution Hai,unknown,play_store,Paytm,1,2026-06-12 12:02:35
039afe23-e0fb-42e6-90ec-2a58e7901e93,cupan,unknown,play_store,Paytm,1,2026-06-12 11:32:13
c46f18de-76ac-42e7-b54a-2c1475f1fc8b,a payment app that actively tries to not only read all other apps but tries to be device admin. keeps pestering me to remove my av app with accessibility. my av app needs accessibility to enable safe browsing on mobile Chrome. so paytm has to go.,unknown,play_store,Paytm,1,2026-06-12 10:57:13
2be11838-5642-4492-9a8b-e897c72f1e6b,"DEAR PAYTM Have been using Paytm for more than 9 years now but for the past couple of weeks upon opening the app, an error appears ""Warning [00000] Device Environment is not correct"" and then the app closes after a few seconds. LOOKS LIKE IT IS TIME TO MOVE on to a competitor BECAUSE NO SOLUTION FOUND YET. ALREADY MAILED THIS PROBLEM . *RECD. YOUR REPLY BUT TRIED TO OPEN URL YOU SENT BUT, but this page not found & URL IS EXPIRED URL IS INCORRECT unexpected error occurred WHAT SHOULD I DO NOW",unknown,play_store,Paytm,1,2026-06-12 10:53:12
1291d393-2b63-4b70-a875-5016708c260e,"So when I try to make a payment from another app using paytm UPI and I the tap make payment using fingerprint option for UPI the paytm triggers ANR, which is application not responding",unknown,play_store,Paytm,1,2026-06-12 10:45:24
b46086b2-de7c-4748-b615-46c3016f5840,good,unknown,play_store,Paytm,1,2026-06-12 09:58:43
004d4b2a-0407-4dca-adcd-c582ca7493d6,very bad,unknown,play_store,Paytm,1,2026-06-12 09:43:24
028fc993-ae8c-4cb4-89d4-3c271a12f053,all apps except paytm not working on moto 60 fusion it is regretting kindly clear glitch,unknown,play_store,Paytm,1,2026-06-12 07:06:28
f8bfc76e-ba0f-45fe-9dae-c7ea352d59a6,Something fishy.... Not showing Bought gold details in this app. It removed from the app.,unknown,play_store,Paytm,1,2026-06-12 06:27:44
d82a1d55-562f-421f-aa33-779512cd05d0,ok,unknown,play_store,Paytm,1,2026-06-12 05:55:18
7bb418cf-1a66-4eea-9e00-7fe45fbdadf6,waste this app my money transfer then 6 days then received.,unknown,play_store,Paytm,1,2026-06-12 05:40:21
625765c0-3778-4285-80f2-11c73d6e7deb,"I would like to rate zero but there is no option of zero so I selected one the literally did scam with me I spend years of time to collect gold coin and now they are offering me gold worth 0.57 ruppes , and also deed scam of rs 50",unknown,play_store,Paytm,1,2026-06-12 03:37:06
9bf8c51b-aa2a-4312-926d-e627bf1e9aee,"repeatedly getting device environment is not correct. error code is 000000. Checked all necessary causes like no cloned app, no rooted device, no unsafe app. still showing the issue. useless to show error until it can identify the exact issue. not able to use this app since a month",unknown,play_store,Paytm,1,2026-06-12 01:03:29
b14b965a-2f7f-466b-8faa-3175e6f86409,it's not working in my device poco f1.,unknown,play_store,Paytm,1,2026-06-12 00:06:47
eecb8f8c-7779-478f-a777-82a7312bb91a,"unable to use because I use accessibility service and it's important, so changing my UPI app now it tells me to remove greenify app. stop forcing what to do. i better change payment app",unknown,play_store,Paytm,1,2026-06-11 22:56:59
43126782-9ba1-413f-8acd-cf0232be8dc9,I have not received cash back as shown before I pay it is useless app,unknown,play_store,Paytm,1,2026-06-11 22:45:17
f14d4c05-633b-4fe9-b288-5485a7c3cc81,super,unknown,play_store,Paytm,1,2026-06-11 22:19:16
41920f91-5921-48ab-aa3a-8b45fd198645,worst payment platform someone stolen my 69800 rs through paytm platform through hacking even i secure paytm with seprate lock and after that they did not even give any help regarding that and didn't any helpline no or mail regarding this,unknown,play_store,Paytm,1,2026-06-11 22:08:44
b84d1c60-6d11-456a-9cc5-52a349e15135,worst customer support I'm very disappointed and I'm facing issue with my refund process no one is looking into it,unknown,play_store,Paytm,1,2026-06-11 21:51:39
56211db6-d3e9-4b45-a6d6-82ea1546e7b0,Bring back accessbility or I say good bye,unknown,play_store,Paytm,1,2026-06-11 21:39:51
e469228e-3854-4507-9330-0f1953fa3576,bunch of frauds,unknown,play_store,Paytm,1,2026-06-11 21:32:27
595ad91a-689e-468d-802d-d0225bef7291,Maninder,unknown,play_store,Paytm,1,2026-06-11 21:17:02
85789ab7-62b9-4ab1-b879-856c966ead4e,worst app it's doesn't give cashback to me this all offers are fake. don't use this app and this app cashback offers are fake this app only take money don't give it back 😡😡😡😡😡😡😡😡,unknown,play_store,Paytm,1,2026-06-11 20:19:36
38810c75-8032-410e-ae17-5e6fb66bcf32,manyav 😔,unknown,play_store,Paytm,1,2026-06-11 20:03:09
60650ea1-c5ec-4c65-b4b4-e55977392af6,Nice,unknown,play_store,Paytm,1,2026-06-11 19:50:45
cf3e7a69-a76a-49fa-aac7-1d134d320b1f,can't connect to customer care and from last few days app crash and only warning I get is device environment is not correct. it's been five days even after the complaint and app is still not working,unknown,play_store,Paytm,1,2026-06-11 19:25:16
73ce2b07-7b45-4a18-9e5f-c5d1b4bc77eb,"Hello Paytm Support, my CIBIL name correction has already been completed and my name is updated correctly, but I am still unable to view my CIBIL Score in the Paytm app and it shows ""Something went wrong, Please retry after sometime"". Please check and resolve this issue.",unknown,play_store,Paytm,1,2026-06-11 19:20:17
bb3cbeb7-e6c1-4203-ada0-10f77c1f5ef0,very poor services,unknown,play_store,Paytm,1,2026-06-11 19:20:00
e927f0af-52fe-4aec-94d6-b032a247e84f,payment pending but not fail not success,unknown,play_store,Paytm,1,2026-06-11 19:13:29
f96c3b26-7e32-4be1-9214-f27b1149333b,very slow internet speed,unknown,play_store,Paytm,1,2026-06-11 19:02:49
b246a34b-2507-43fe-81ae-da567b0ad16f,don't book a bus this App... information issue,unknown,play_store,Paytm,1,2026-06-11 18:52:54
11bb06bc-97d9-4892-9400-c6425b9f7527,Was using paytm since many years..It was outstanding..but since past 3/4 months I'm unable to make any single transaction through any of my 4 accounts due to an idiotic issue call UPI Risk Policy of Paytm..& they have no solution for it.. Their helpline number isn't available too. & the stupid bot also have no idea regarding that If u raise any ticket..Time to uninstall..,unknown,play_store,Paytm,1,2026-06-11 18:37:33
b7157820-c02c-4ecd-a3a6-573281f9425c,overall totally worth,unknown,play_store,Paytm,1,2026-06-11 18:13:13
8ccbc918-e1ce-4a22-8c77-0568c298516a,I like paytm app in 2025 but now days there is some error. my Paytm is not open,unknown,play_store,Paytm,1,2026-06-11 17:48:33
fc2f4c3c-13bc-4dd7-99ed-30d145695735,Don't buy anything from Paytm gift voucher you'll regret it for sure and you should hesitate yourself by giving this poor quality products I am very disappointed I'll delete the app if you'll not refund me,unknown,play_store,Paytm,1,2026-06-11 17:04:28
5224b20a-e38d-4d5c-912f-0b57504f3b34,sir payment nahi ho raha,unknown,play_store,Paytm,1,2026-06-11 16:42:41
79ee9a61-7719-4e65-9ab6-cd3e5bc4be12,"saale cashback ke naam pe 1 gold coin dete h , offer me 50rs off by payning by upi aur payment krne pe 1 gold coin",unknown,play_store,Paytm,1,2026-06-11 15:44:44
bd84714d-5512-4e97-891a-7e42f21ad6f8,"Ever since I installed this app, I've been getting a lot of credit cards and loan spam calls. Utterly useless and privacy risk app",unknown,play_store,Paytm,1,2026-06-11 15:39:51
9b3a6313-6eec-49a2-88cb-fb7fe02bd64d,"the app is not working at all, now I'm stuck worst experience ever",unknown,play_store,Paytm,1,2026-06-11 15:14:29
3768898f-f722-4ae4-9208-981bb1f32566,not good it's a unusual app,unknown,play_store,Paytm,1,2026-06-11 14:44:44
bd9f6e43-80d4-4869-ab6a-7dc1cb384f61,upi lite is showing an error continuously,unknown,play_store,Paytm,1,2026-06-11 14:10:04
5bd32fda-65ea-419e-80d4-554266f79d26,Third class app Koi cashback nahi deta 100 batata hai aur 1/2 deta hai 👎👎 Download mat karna 👎👎 Useless APP 👎👎👎👎 Don't Use this app👎👎,unknown,play_store,Paytm,1,2026-06-11 13:11:10
d2939fee-d623-4b57-bbc2-98e5f1ecec3f,my paytm is not working and it's showing the device environment is not correct again and agian,unknown,play_store,Paytm,1,2026-06-11 13:05:40
30a01762-a63e-4265-b99c-45946b591485,"my phone flags it as a virus and malicious app, doesn't let me keep the app open at all??",unknown,play_store,Paytm,1,2026-06-11 12:12:44
ae0b4610-124d-45f1-aca1-3bc7315f9941,good,unknown,play_store,Paytm,1,2026-06-11 11:28:01
518f166b-3234-4ee7-8c46-4724d4c9be19,very bed process 👎👎👎,unknown,play_store,Paytm,1,2026-06-11 11:20:03
11179be1-ef46-441b-bc37-75ec0f8b8484,"Complete Scam – Frustrating Support & Stolen Food Wallet Balance I am extremely frustrated with Paytm’s pathetic service regarding my Food Wallet balance. I have money in my food wallet, however I am not able to use it as it's wallet service is suspended by RBI. The customer support system is highly unethical and designed to make users give. The automated chat loops constantly.",unknown,play_store,Paytm,1,2026-06-11 10:47:32
146c53c4-2013-4292-ae8d-0d373bcecbf5,My Paytm wallet is not working. I cannot transfer money from my Paytm wallet to anyone else even though I have more than ₹900 in my Paytm wallet. I don't have a bank account.,unknown,play_store,Paytm,1,2026-06-11 10:47:14
b7849b8c-54d6-4fc5-affe-3fc0bdd948bb,paytm not open q,unknown,play_store,Paytm,1,2026-06-11 10:26:37
fbfa9e0c-a5d0-43e5-b496-e2b0dd95b26c,"Worst app, All fake rewards, did not receive my Rs.100 cashback",unknown,play_store,Paytm,1,2026-06-11 09:46:32
62b6df27-3d27-4169-aae7-4284065b0afe,paytm post paid 3 years but not opening my cbil score 780 but daily message daily loan messages but not approved scam messages sir loan messages daily send your app,unknown,play_store,Paytm,1,2026-06-11 09:42:06
8fb18718-d3e4-4195-83c5-111ffcb662ce,Worst App,unknown,play_store,Paytm,1,2026-06-11 09:39:28
6c251f31-49bb-488d-9327-31b82adbb92b,it was doing amazingly and I consider it the best upi app but off late it's been crashing frequently.,unknown,play_store,Paytm,1,2026-06-11 09:37:57
ebb0312d-a675-4106-805b-67e71920adaa,"I scan QR code for assured cashback and it not responding, just taking to the play store",unknown,play_store,Paytm,1,2026-06-11 09:31:07
e3e4665a-6cd5-4818-8c7e-620b87a06904,I had kept some FDS. after RBI banned licence FDs page is not loading. my amount is not visible . after paytm's reply : the link says we don't serve paytm payments bank or fd related issues.,unknown,play_store,Paytm,1,2026-06-11 09:16:03
0b3132a5-784c-4771-a100-cecde00438e2,I have used an updated version still it was asking please update and did not access the app.. really very worst experience..,unknown,play_store,Paytm,1,2026-06-11 08:28:23
cf74536a-e482-4c32-93db-17c4991222c6,application not working.,unknown,play_store,Paytm,1,2026-06-11 08:08:18
734bc5fb-1ee9-4896-b17d-c62ceab5f067,"Earlier I used this app but now it's not working properly. Whenever going to login it's failing everytime, showing a dialogue box 'Connection has timed out'. Please help..",unknown,play_store,Paytm,1,2026-06-11 07:27:24
e07d4f50-0922-4c28-bd1a-afdff09795fa,"my money in paytm Fixed deposit is stucked. it's a fraud app, disgusting",unknown,play_store,Paytm,1,2026-06-11 00:35:18
be48e495-b793-4b7c-8fb9-7a39054602c7,bakwas,unknown,play_store,Paytm,1,2026-06-10 23:51:03
4b223412-3cbe-4d44-b8ec-cf965bc692b7,"don't trust paytm reffer & win program, koi cashback nai deta ye app Aapka time barbad karta hai paytm",unknown,play_store,Paytm,1,2026-06-10 23:44:12
80fd72c5-4dd2-4c62-90f2-b61510c5d6f5,"I recently changed my mobile and on new device I am not able to use UPI as the device activation failing always. Also, UPI lite balance is not updated. it is completely useless.",unknown,play_store,Paytm,1,2026-06-10 22:31:56
6fea4f57-0dd4-4d0b-a72b-b42d59cfc71d,"Paytm app refferal program me koi reffer mat karna, koi cashback nai deta hai ye app",unknown,play_store,Paytm,1,2026-06-10 22:18:02
dc335d2a-b66f-4212-bf60-f04f26a984b6,app not proper work and it not reinstall. show loading and error show with paytm team side.,unknown,play_store,Paytm,1,2026-06-10 22:13:55
f2c294cc-dc1f-4e93-8626-2a063b80adff,"This was a terrible customer service experience. My query remained unresolved, I couldn't connect with a customer care agent, and I was unable to proceed beyond the chatbot in their help section. Furthermore, they didn't provide an email address or a customer care phone number for follow-up. The link for submitting a ticket is returning an internal server error.",unknown,play_store,Paytm,1,2026-06-10 21:36:47
e62c8e6f-f100-44a6-86f8-b31e8111bd06,i liked this app so much. But its not wrking now on my device. giving error code 61007,unknown,play_store,Paytm,1,2026-06-10 21:15:27
db287d1f-50f4-4c3a-8c8a-fdc3d3fc3d90,don't download this app because he can't add money and offer up 500 rs but received only 2-5 rs,unknown,play_store,Paytm,1,2026-06-10 20:58:59
a14f51d8-44df-42c9-a382-7b2d2bcde3d2,not working properly. showing that insert the correct sim. that was already in phone with primary slot. other apps are working properly. But this one shows the error.,unknown,play_store,Paytm,1,2026-06-10 20:20:04
49010891-c468-4c67-a62c-341ec5be7a56,Now dose not working in my phone google pixel 6a,unknown,play_store,Paytm,1,2026-06-10 19:59:46
509805ba-7852-41cd-9b12-5942f3ed378d,"extremely bad experience, it keeps saying Malicious Apps, error 61009 but doesn't tell what app is the issue, tried uninstalling numerous apps and restarting nothing worked. Cant even contact customer support since app doesnt allow it to open prob gonna uninstall it now",unknown,play_store,Paytm,1,2026-06-10 19:07:54
8a38dffa-f991-4d60-b8cd-29b857495829,"* Paytm is too laggy compared to PhonePe. * In my storage paytm takes 142MB & PhonePe 314MB. * But, Paytm takes more time to load in my Samsung F34",unknown,play_store,Paytm,1,2026-06-10 19:04:27
48532da5-1e88-4820-a172-a8ba19ea29ca,i send money and it said succesful but the receiver didn't received the money .. i waited for 24 hours but still no money was refunded ... worst app,unknown,play_store,Paytm,1,2026-06-10 19:04:21
166db77a-bf97-481b-85b1-bbb2e286f65d,"WARNING: Extremely Poor Experience with MMTC-PAMP Digital Gold – Physical Gold Coin Marked Delivered but Never Received,Very Poor Customer Service and No Customer Support, The most disappointing part of this experience is the customer service. Despite contacting MMTC-PAMP customer care, Paytm support, and the delivery partner numerous times over the last four weeks, I have received no proper response or resolution.customer support, lack of accountability, and complete failure in communication.",unknown,play_store,Paytm,1,2026-06-10 18:59:20
70b80922-4991-4e1c-8801-455ab8125e10,"unable to login suddenly,showing the error system detects modifications , I'm not done any modification",unknown,play_store,Paytm,1,2026-06-10 18:40:34
51ee1e07-3e87-4e4d-9f4e-9c9559094883,not open app say warning 😡,unknown,play_store,Paytm,1,2026-06-10 18:36:09
a0d0fa9c-dbc9-45e8-9547-4a75192b99c5,I can't cancel my automatic payment.... it's really worst app...,unknown,play_store,Paytm,1,2026-06-10 18:34:30
09897e6e-4cfc-44bc-89ed-74f74504350d,crash,unknown,play_store,Paytm,1,2026-06-10 18:24:29
798b9354-cc69-4051-a3d9-efa0b9c5f91a,y this app is giving trouble not opening the app since last two weeks. pl solve this problem I am facing transactions problams while opening time.,unknown,play_store,Paytm,1,2026-06-10 18:23:48
5e9ce774-51cf-4969-b29f-b799c53eea0b,whenever I open my paytm it says '61009 malicious software detected'and the app automatically closes no matter what at least tell me which software I have is malicious software I can uninstall it that all I have to say,unknown,play_store,Paytm,1,2026-06-10 18:23:14
c9f792be-a2af-4bed-9a80-7b86a42fcaca,railway ticket booking but not successful money will be debited from my account show time one hours money will benot return in my account How much time refund my amount,unknown,play_store,Paytm,1,2026-06-10 17:59:17
f2252e34-1b9e-408e-9303-d6b52b244ddb,worst app it misleads with gold.. because of this mislead info..I ended with 300 losses.. i used for more than 6 years..now I will never install it again,unknown,play_store,Paytm,1,2026-06-10 17:34:19
cc1cc9db-39d2-413c-a36f-bfbc60f8daa2,no 1 fraud company in India soon it will end up in biggest scam company in india no 1 chutiya company in world,unknown,play_store,Paytm,1,2026-06-10 17:18:50
8b87ed0b-b868-490c-b9db-bc752afdcb96,There's an error on the login page that says Device Environment is not correct. Warning Error Code [ 00000 ].,unknown,play_store,Paytm,1,2026-06-10 16:01:09
b61dd216-9db3-4f24-9533-c41db5acd989,chalu paytm chalu,unknown,play_store,Paytm,1,2026-06-10 14:33:16
598e0139-0f72-4de5-ad2b-4b2d51392f76,"Pathetic app. How do I contact anyone. For every resolution they just have a bot. My flight got cancelled, and apparently refund hasn't been initiated by Paytm.",unknown,play_store,Paytm,1,2026-06-10 14:22:15
7a3cdb4b-e2c7-4eaa-acc7-2c1b0c6b3215,fake voucher and never claimed Cash back offers and coupons,unknown,play_store,Paytm,1,2026-06-10 13:41:16
a483c954-8764-4a19-ae77-c067316da723,Tried using Paytm again after a long time because flipkart suggested it for payment. But as usual in terms and conditions and extra minute details it always feels like scam and was scam infact. Try to do some good. You reminded me in using your app for just 2 minutes on why I don't use Paytm.,unknown,play_store,Paytm,1,2026-06-10 13:28:04
d910ea81-262b-416d-a830-2db1d26be206,"very bad response, no Supports, i have Facing the issue few days mail also done but not Received any response yet.",unknown,play_store,Paytm,1,2026-06-10 12:54:31
79e09fd5-26dc-4fe3-87a4-85816d8c2f1e,Nice,unknown,play_store,Paytm,1,2026-06-10 12:39:07
f119c0e2-f1a4-4371-b21e-e1ffe290a3b8,"This app show cashback so many times but I don't even get 1 rupee after my payment, so worst app it is",unknown,play_store,Paytm,1,2026-06-10 12:33:06
ed3dd7c1-c9db-451d-8461-e63ad2b20c58,I hate this app,unknown,play_store,Paytm,1,2026-06-10 12:20:14
43c2574c-56a8-4daf-abe9-bd51c7ea0a26,"this is a froud, 1st say i give cashback on Flipkart shopping and after payment done no cashback come, 🥵, bad experience..",unknown,play_store,Paytm,1,2026-06-10 12:17:28
24eed39d-4c8b-4841-8807-63345d351482,there is no chance to give zero star otherwise I will give only that. worst upi app which cause for money loss useless customer service too the reason for that useless service from the app I think maybe the app owner and each and every staff are born for 🤬🤬🤬🤬,unknown,play_store,Paytm,1,2026-06-10 11:54:35
c1580570-0c48-497e-bed5-6438755fc19d,the worst payment app changed my name by xxx and refused to changed my name,unknown,play_store,Paytm,1,2026-06-10 11:41:03
9dd844bb-90b0-4557-958b-9f15c23b284c,app nahi chal raha hii phone me,unknown,play_store,Paytm,1,2026-06-10 11:40:47
d148ce30-c79c-4336-8889-356a076bb608,Raman kumarRajput,unknown,play_store,Paytm,1,2026-06-10 11:40:44
491c7ff1-7469-496a-a5e8-44f342f38d27,"im unable to withdraw my money from Paytm wallet, what to do customer support also not replying about this issue",unknown,play_store,Paytm,1,2026-06-10 11:12:40
b4669804-9eed-42b5-9c00-e58e3ad2efdd,I have been trying to get in touch regarding one of my extra payments deducted but no update yet.... pathetic customer support... Not going to use Paytm Postpaid again...,unknown,play_store,Paytm,1,2026-06-10 10:56:26
4ffb497b-4ad3-47db-b9d4-762a7d58e490,Worst experience from Paytm due to app fault I lost about 1400,unknown,play_store,Paytm,1,2026-06-10 10:03:18
f2593ece-f74f-4b4a-bb66-551431a23348,can't be trusted. bad practices,unknown,play_store,Paytm,1,2026-06-10 09:57:27
fc22564a-9ce1-4264-b1d6-b5146c8378d2,3rd class service sim recharge ko bhi 3 din pending m dal dete h koi sunnai wala nhi h waste of use,unknown,play_store,Paytm,1,2026-06-10 09:38:36
792a1113-941e-4552-b9f0-ec89d8b57576,app doesnot show in mobile,unknown,play_store,Paytm,1,2026-06-10 09:38:28
283c2935-2dff-4eac-a849-f0e5350abdd6,good 👍,unknown,play_store,Paytm,1,2026-06-10 09:29:13
4c9990fd-c6d6-4440-b535-4123beef92cc,hrhur,unknown,play_store,Paytm,1,2026-06-10 08:53:16
1a2b4498-b23e-43c9-bdad-122f2bcb049a,"FD section show nhi ho Raha, amount withdraw kena chahta hu, helpline number working nhi and email se koi answer nhi mil Raha, what is this? very bad experience. Mera FD ka paisa kb tk milega? jo aap link de rhe "" we failed to load the page"" show kar raha",unknown,play_store,Paytm,1,2026-06-10 08:50:24
2641f8a3-725c-4daf-aae9-a3d4efc49bf4,King,unknown,play_store,Paytm,1,2026-06-10 08:18:54
b1286173-f30a-45c1-9596-2e0c4db5678e,good,unknown,play_store,Paytm,1,2026-06-10 08:15:05
4a39b2ba-056e-4fec-8397-daf38fe9bdb6,nice,unknown,play_store,Paytm,1,2026-06-10 07:11:55
376bbb55-990b-4205-a478-a3b144a41a17,"Don't install this upi app, everything is scam , offers not working, phonepe is batter. I can't get cashback, can't use any offers . Many times my payment was pending.",unknown,play_store,Paytm,1,2026-06-10 06:58:52
cde25770-739a-4c8e-9af8-a2d1d66394f5,Just remove your so-called security😡🤬. I am unable to use this app at all😩. everytime I open the app a warning(61009) pops-up and app automatically closes. I have already deleted PAYTM and never downloading It again; I am using PhonePe now they don't have this so-called security restrictions.,unknown,play_store,Paytm,1,2026-06-10 06:49:43
920addc2-0c9e-4401-ae4d-b85fe04312a1,"Fully.. a Cheater company .. adding something new here this company takes 1.80 Rs. extra on the recharge of 199 Rs. and they show the total deducting money at the last moment when people enters UPI pin no. if you don't notice at the moment then pay these extra.. Amazon, Googlepay, and Bhim are far better than Paytm.. they don't cheat like this..",unknown,play_store,Paytm,1,2026-06-10 06:08:51
d7b666bf-96ae-4f96-9ad8-5cfc6f5cad95,West app😭🤬😡,unknown,play_store,Paytm,1,2026-06-10 02:37:54
146722e6-c445-4a45-bfc7-9c0ed44385da,"play store should kept zero rating option for such apps, except clean & fast payments you can do everything on thus app, additionally they will got you in their loop of "" cashbacks"" which they won't give.",unknown,play_store,Paytm,1,2026-06-10 00:22:15
6e01cf75-3120-4b28-8198-03d4d98ad09b,facke,unknown,play_store,Paytm,1,2026-06-10 00:07:09
5f0f536d-f340-44c5-bf0e-188a44e66167,don't use. Don't trust their cashback offers. They're fooling you.,unknown,play_store,Paytm,1,2026-06-10 00:03:16
f1325779-4a2c-4ad8-bf37-1f288eec508b,good,unknown,play_store,Paytm,1,2026-06-09 22:51:36
edb36a77-1a82-41d1-b0bf-bad2043ca077,bad exp,unknown,play_store,Paytm,1,2026-06-09 22:47:10
9869b6d6-7b22-43a7-9e9e-b42171956de0,good,unknown,play_store,Paytm,1,2026-06-09 22:32:24
24a01822-1398-463b-997f-b9e38868708b,it says malicious application detected right after i updated my Paytm now i cannot find which app is malicious because it wasn't a problem before the update and I won't go ahead and delete everything I have for this instead of just saying that big lame detection window it would be better to just tell me which application is the problem,unknown,play_store,Paytm,1,2026-06-09 21:53:33
e7038e27-cb74-4bf5-8058-7d4726798337,agar mere liye possible hota to Mai zero nahi minus star deta...worst customer support experience you can ever face... Mera paytm payments bank mai account tha...ab rbi ke rule ki wajh se inka bank band ho gya or ab yeh mere paise hi nahi de rahe... maine app mai or inke bank support pe b call Kiya... connect hi nahi hota hai....bolte hai aapka number registered nahi hai...jbki unhi number se account hai... maine last option mai mail Kiya... uska b reply nahi aaya...,unknown,play_store,Paytm,1,2026-06-09 21:46:34
69023256-48da-4ff5-a3d5-eaddc7d431de,qa A☢️🇰🇭,unknown,play_store,Paytm,1,2026-06-09 21:12:09
6faadff8-5604-4b05-a55c-281f962ba2b9,"app is crashing, showing environment not correct.",unknown,play_store,Paytm,1,2026-06-09 20:33:16
9f6d1c14-83d2-45f9-9056-35c6f471964c,"stopped working, device environment is not correct. I don't know what to do. Moved to a better app.",unknown,play_store,Paytm,1,2026-06-09 20:26:07
82554cd5-6973-4c06-a7ea-2d568fb522e8,365 dino me 65 din chal jaye vahi bhot hai baki 300 band or error btata hai paytm,unknown,play_store,Paytm,1,2026-06-09 20:09:57
95fbe7b8-2ba0-44e1-88e9-5e7a7063d14e,app is good for checking balance Within the same time all the bank balance can easily check but in Haryana state this app is not working is there any issue? showing error like this app is not working in this area,unknown,play_store,Paytm,1,2026-06-09 20:05:29
15d3650c-f8ef-49f5-9f3f-a7ea63e7b609,i don't receive an otp,unknown,play_store,Paytm,1,2026-06-09 19:49:12
dd9445e9-80c9-4cb1-b2a7-61b4906a30be,worst customer support. Educate the people you guys hire.,unknown,play_store,Paytm,1,2026-06-09 19:32:00
7343799a-2b23-4163-a16e-6c25517aa22c,nothing 😞 open this app in worning again and again.,unknown,play_store,Paytm,1,2026-06-09 18:31:37
90fc8644-84b7-40d2-8ee4-538502b924f5,"this app is not working on my samsung galaxy m11 , for this reason i had to switch to phonepay",unknown,play_store,Paytm,1,2026-06-09 15:46:29
44e29470-d5d2-4fbf-8823-fc04c3e3d53d,worst app for insurance,unknown,play_store,Paytm,1,2026-06-09 15:41:33
bb9a669a-aa26-45b5-93e3-0ddf36854b2a,nice,unknown,play_store,Paytm,1,2026-06-09 14:42:13
2f28c4fe-0435-471e-8f3e-7b151a97cdc7,awesome,unknown,play_store,Paytm,1,2026-06-09 14:29:11
2bace3a6-e837-4782-bf03-d4595a5522e3,Loojar poor,unknown,play_store,Paytm,1,2026-06-09 13:24:48
07dccfd0-ad8e-4fbc-b1b8-33cb7da466c4,good,unknown,play_store,Paytm,1,2026-06-09 12:45:13
b8f7a86c-ae64-4cd1-9589-91aed16b240c,"Very disappointed with Paytm bus booking service. I booked a bus ticket and it got cancelled. The bus operator confirmed a full refund, but Paytm did not return the amount. Customer support is not helpful either. There is no Human support to handle Customer queries, I have been trying the chatbot and the status is still not updating. There is no other way to connect with the customer support. How am I supposed to move ahead with this application?",unknown,play_store,Paytm,1,2026-06-09 12:28:53
2c977a0e-4278-4ff0-8245-ba053487ae25,I have paid my post paid bill amount through UPI but then also my same amount is deducted from my bank automatically. I have asked to return my extra amount but what the hell with Paytm . Customer service is saying that I will automatically adjust in next bill cycle. But I want my account immediately refund to me. Now there is no calls from paytm coustomer care.,unknown,play_store,Paytm,1,2026-06-09 12:00:26
5842f14b-c3d4-4748-a5d5-42df2854357c,"Discount Rs150 on hsbc credit card and card fees Rs136. What a scam, stupid company paytm",unknown,play_store,Paytm,1,2026-06-09 11:21:39
f740be31-73d7-43fe-8f8c-4b24ad626b5d,"Hi Paytm team , customer support was very worst for the bus booking I have opened ticket on May 31st and still I haven't received any updates",unknown,play_store,Paytm,1,2026-06-09 10:59:50
2e25cefa-3007-4401-9656-9b70f018df5b,"unable to open the app, Pop up display showing as environment not correct, help me regarding this",unknown,play_store,Paytm,1,2026-06-09 09:06:54
2e2623ba-8824-4c9d-be95-a942ae2d77d7,New update keeps crashing with a display notification DEVICE ENROLMENT IN CORRECT I am un installing this application other apps are very convenient and useful than this app .If possible I have rated 0 star worst appin the play store,unknown,play_store,Paytm,1,2026-06-09 09:04:06
27f29e7a-1126-4c55-b184-b517f62dee30,very slow working,unknown,play_store,Paytm,1,2026-06-09 08:45:15
e2558cc9-0835-498e-9c08-b978e841c0df,add rupay credit card they as-sho-les still force me to pay from the bank and I have to switch the rupay card every time. they themselves don't know their app. MC CEO/Cfo wht is meaning of default payment,unknown,play_store,Paytm,1,2026-06-09 07:49:35
1092aa37-1067-409d-8c3c-698ebc8bc02c,ek number ka fraud hai. my loan is closed but still they are not removing auto debit from axio which is amazon paylater partner. axio is telling to contact paytm and paytm is asking to contact axio,unknown,play_store,Paytm,1,2026-06-09 03:22:20
1684b16f-b09a-4a91-a301-52d177282446,"yah app koi bhi install mat karo dusre dusra bahut app hai upi ka ispe security problem bahut aata Hai ,Malicious application dikha kar App block kar raha hai lekin Baja bhi nahin bata raha aur sari security mere mobile ka Google Play protection on hai developer option off hai matlab sare protection on hai fir bhi yah hal hai dusra banking application dusra upi sab kuchh chal raha hai.",unknown,play_store,Paytm,1,2026-06-09 02:58:57
afee4ef9-490c-4ac5-b341-89924fd30d75,The most untrustable aap i evered seen. Provide cashback over for the transaction and after making transaction no cashback received.......,unknown,play_store,Paytm,1,2026-06-09 00:55:31
60912008-94e5-41cd-9cef-f53362131819,"Don't use this app, My urgent transaction stuck for 3 Days now",unknown,play_store,Paytm,1,2026-06-09 00:31:26
108bb66b-d2e2-41c9-a144-56956006a64f,app has too many issues.,unknown,play_store,Paytm,1,2026-06-08 23:49:03
4a406bed-cb8f-4226-a982-963229deb17a,"Its a glitchy app at the operator's end, almost creating a headache, again and again. Last time, it didn't work for over a month on my phone. Earlier, it used to read- your device environment is not correct. This time, again - bluff and bluff!",unknown,play_store,Paytm,1,2026-06-08 23:10:36
95a40ccf-76dd-4f79-b974-b29c52b5ebbe,this apps can't open my mobile phone i don't know why what's your apps issue,unknown,play_store,Paytm,1,2026-06-08 23:01:51
ad63cc6d-0fc7-4625-ac86-dbb11d4c5011,very good,unknown,play_store,PhonePe,1,2026-06-12 12:04:51
746c1467-09a7-4080-91f0-c0f321159d73,ಜೈ ಕರ್ನಾಟಕ ಮಾತೆ 🚩,unknown,play_store,PhonePe,1,2026-06-12 11:04:05
6d24d3c7-325e-401f-9045-729ec4e9123a,I'm rating this forcefully to avoid the pop up,unknown,play_store,PhonePe,1,2026-06-12 10:51:10
30db4688-75eb-445c-ad80-99e019f2ea44,money nhi aya rahe,unknown,play_store,PhonePe,1,2026-06-12 10:42:26
c35003ec-85a0-4037-859f-aec77155c197,maderchchude,unknown,play_store,PhonePe,1,2026-06-12 10:10:16
11442aa7-a6ea-43ef-8880-23f6da883160,money is automatically generated to other account it's very worst it's using my adhar card all bank account details it's very Bad please don't use anyone this app for transaction,unknown,play_store,PhonePe,1,2026-06-12 09:43:38
ac9030cf-c060-435c-a2a7-63f3a32c18e6,need to more updates,unknown,play_store,PhonePe,1,2026-06-12 08:55:33
5957c758-42ab-4cc2-a05b-3f3bb7b8683e,Hi Holle Bolo,unknown,play_store,PhonePe,1,2026-06-12 08:54:39
92f4ff50-92d1-46b9-a0ce-cfc4488c2328,kyu online service ke naam per chori kr rhe ho .....platform fees k naam per 5 5 rs chori krte ho 👎👎,unknown,play_store,PhonePe,1,2026-06-12 08:44:40
5d906b02-fa16-4a54-8a8b-1a74b4b69a26,what the fu.. stupid pyament request many unwanted pay requests form samp users,unknown,play_store,PhonePe,1,2026-06-12 08:37:52
51045925-c9b6-43b1-85d4-76d5b9b273cd,doesn't working at alll....,unknown,play_store,PhonePe,1,2026-06-12 08:18:03
c5aa9cc8-610f-47d4-a2cf-03fc38bbf18d,"update: BELOW MENTIONED AMOUNT WENT UNRECOVERED, AND I AM UNABLE TO CANCEL AUTO DEBIT FACILITY & CAN'T ABLE TO CHANGE BANK ACCOUNT LINKED?? LOUSY PLATFORM 👎👎 I stopped using this almost over 6 yrs, and when came back this problem they cr It's FULLY FRAUAD COMPANY.. Now I have enough evident that they cheated my money of 13155+8096 which debited from my account and not paid to so called merchant. Even escalated to CEO but No use.. They promissed tonight by 9 PM it will come back.. But not came.",unknown,play_store,PhonePe,1,2026-06-12 07:56:49
046428ac-ad3a-449d-ba48-954f186ba586,please update option history delete on phonpe,unknown,play_store,PhonePe,1,2026-06-12 07:20:41
dffec48e-dad1-4580-b397-ee38691e9fd4,"very bad phonepe, service, Mera friend bahut pareshan hai customer care koi response nahin le raha hai, so please sabhi se request hai aisa hi review dalen, aise bhi aap phone per 1 star ka layak hai, very bad koi bhi download na Karen phonepe",unknown,play_store,PhonePe,1,2026-06-12 06:48:02
99bfb760-876f-475b-8038-0f70c713b8f6,"very bad service, no support customer care, very very bad, no response customer care, customer care is very bad phonepe, very very very bad very late response please don't like phonepe, download other option, upi, Navi app , Paytm, Bhim upi, etc, (100% response, Navi app Paytm Bhim upi customer care) phonepe dont like please koi bhi download na Karen",unknown,play_store,PhonePe,1,2026-06-12 06:44:13
457a8a7b-4a34-4ca8-9058-40599a8abfc7,"Dear PhonePe, sim binding must be removed, we used keypad and second phone as smart for app use but can't use one sim registered in both at same time. in this allow user to use the app after the registration and again if need use otp method to verify which can be used by receiving in keypad phone and user will enter it into their smart phone. Logic is baseless if you say for security and secure reason we use it. if is just your favor and redunt talk, suppose my phone has lost with sim, then?",unknown,play_store,PhonePe,1,2026-06-12 02:42:41
95d8a4f1-ca11-4f60-9432-058e92eb8c78,Loyal customer of Phone Pe since it launched for about 6-7 years now. It is now using Dark UI tactics to aggresively monetize by forcing users to mutual fund or insurance buys or Gold buying by using its internal ad Platform Bullzeye to hard code high friction pop up banners. It is using interatial intercepts when users log in or after payment by illegally Blocking Back Button functionality overriding Android OS. So user can't get out of those ad banners. switching to Google Pay.,unknown,play_store,PhonePe,1,2026-06-12 01:46:41
92af6f5c-b8fb-44f0-9904-985240cae605,worst phonepe rafer and earn system,unknown,play_store,PhonePe,1,2026-06-11 23:52:34
4c679d2b-5815-45b7-8389-79aa15db1764,No use,unknown,play_store,PhonePe,1,2026-06-11 21:50:54
eb50f395-aa79-4831-a9e1-be31fd9bd791,अठखकशककअअअआईगढस भी घभसमययश। तक्षज्ञ,unknown,play_store,PhonePe,1,2026-06-11 21:38:58
335724dc-72ce-401f-a45b-472a8a17331a,plz phone pe open,unknown,play_store,PhonePe,1,2026-06-11 21:34:47
6ac4eb8e-fab2-4f90-850b-564e64607bc1,service kharab,unknown,play_store,PhonePe,1,2026-06-11 21:32:54
1d0b1220-d50a-4a4a-82d3-fd4100c98898,we give single star,unknown,play_store,PhonePe,1,2026-06-11 21:24:25
57c0c8f0-8626-4e47-9e44-9dee1900011a,bar bar number dalna padta hai,unknown,play_store,PhonePe,1,2026-06-11 20:24:48
97249fbd-1db1-40dc-84e7-77787c71c4a0,this app is becoming very slow..,unknown,play_store,PhonePe,1,2026-06-11 20:23:39
de5d5c45-db5a-4fc0-b676-770d6f55bbd6,very good payment app,unknown,play_store,PhonePe,1,2026-06-11 19:34:33
8c84aa9e-e6bd-490f-b4e1-96341535c8c4,"remove first kredi bee loan app from phone pay platform because they are fraud. first take all kyc aprovel ,mail verification, and all personal information and at the end reject very bad app in remove first kredee bee app from phone pay platform otherwise it will bad impression to phone pay s growth",unknown,play_store,PhonePe,1,2026-06-11 18:38:36
60caa7e9-6c4a-44c0-8367-6e828f874bf9,when I open the phonepe my screen always got freeze and i can't do anything payment 😭😭 pls fix this 😭,unknown,play_store,PhonePe,1,2026-06-11 18:28:00
6bd6dddc-7d47-4865-8cdf-28c03ac071eb,vary bad app,unknown,play_store,PhonePe,1,2026-06-11 17:45:51
fdeff9e7-a2fe-4b81-b37d-8ae585abc9b9,Still Didn't Fix The Problem Please Make First Letter Big It's Karnataka Not karnataka and not and operative also Make First Letter Big,unknown,play_store,PhonePe,1,2026-06-11 17:24:40
9d8b3035-15fe-4f34-95ad-7ae03659dc58,App is Very Slow and Lagging in New Version,unknown,play_store,PhonePe,1,2026-06-11 17:02:40
59b98f1d-5aec-4acc-bc10-9bab035e4ae5,nice,unknown,play_store,PhonePe,1,2026-06-11 16:56:42
5d3d8de6-3e68-4e34-8db0-b1c32747c4df,very bad experience,unknown,play_store,PhonePe,1,2026-06-11 16:42:09
c55db959-e279-4509-8a65-9de969bd9508,😇😇😇😇,unknown,play_store,PhonePe,1,2026-06-11 16:33:36
25cbd79b-3b8d-443d-af2d-48e437ba75dc,good,unknown,play_store,PhonePe,1,2026-06-11 15:12:08
1a7399fc-3030-4a48-83c4-f4212d56f86f,अकाउंट ब्लॉक कर देते है कभी कुछ और प्रॉब्लम आती कभी कुछ और प्रॉब्लम आती है जब इसने संपर्क करो तो बस स्पोर्ट टिकिट एक जरिए है जिससे बहुत ही मुश्किल से इनसे संपर्क हो पाता है । 6 माह में 2 महीना तो इनसे संपर्क होने में लगता है....... 1स्टार दिया है क्योंकि इससे छोटा और नीचे ओर नहीं था .....,unknown,play_store,PhonePe,1,2026-06-11 15:07:06
f111b45d-7556-4a79-85fe-6f62617ee85f,not able to use post update,unknown,play_store,PhonePe,1,2026-06-11 14:42:03
5a17ae95-a2d0-4df6-a2fe-8c572028d9a3,don't use phone pe for upi because aagar apne wallet issme banya hai to aagar pisa hoga wallet me to yo bhi chala jyega ki ye phone pe account block bhi kar deta hai,unknown,play_store,PhonePe,1,2026-06-11 14:24:58
ce765e25-c004-4c2c-8043-b5013cf2051e,"⚠️ Worst Support System Ever! I am a very old PhonePe user, but my account was suddenly blocked for a ""security reason"" without any proper explanation. There was no fraud from my side. I contacted support and even offered to provide ID proof, but received no real help. It is extremely difficult to contact a responsible person and get a resolution. Genuine users deserve a chance to verify their identity. Please review my case and restore my account, or I will switch to other payment apps.",unknown,play_store,PhonePe,1,2026-06-11 14:18:23
30442def-0252-4d37-8a89-071e28586709,gold loss,unknown,play_store,PhonePe,1,2026-06-11 14:08:29
1fe880bf-c8eb-4c6a-99bc-ad8d9ed2076a,nice,unknown,play_store,PhonePe,1,2026-06-11 13:13:05
5e6d46b3-dc91-49b9-9e3f-50c359e236e0,"Please 🙏stop ads. Every screen you open see ads, recommendations with auto play videos. Please do clean the ads for seamless experience.",unknown,play_store,PhonePe,1,2026-06-11 13:04:24
91e09e32-e108-4193-8f1f-ef03d11e67a3,help,unknown,play_store,PhonePe,1,2026-06-11 13:02:30
0c041496-8bf9-4a61-b4a1-baece350f7fc,"Three days back I have been notified on that I should update phonepe app to a new version, after I clicked on ""update"" I couldn't make payment neither check my balance. I opted to uninstall my app and until now am stuck. I can't excess my phonepe account. So stressful.",unknown,play_store,PhonePe,1,2026-06-11 12:04:02
681995ed-5512-45cd-8eea-9c334b4d5d42,राहुल,unknown,play_store,PhonePe,1,2026-06-11 11:54:34
bd66ea92-7d69-45aa-a538-9c3f2942f173,Very bad aap. Don't use it. my account blocked without my concern,unknown,play_store,PhonePe,1,2026-06-11 11:52:07
01a99ca8-9728-4f5b-bd91-e34453bf3259,why the tockets booked in metro not going away after ride completes or after midnight need to scroll to bottom to create ticket now i have to scroll 5 min to come to bottom n book another ticket,unknown,play_store,PhonePe,1,2026-06-11 10:51:46
5f4966a9-e4bf-4953-8689-87450439dc73,balance enquiry problem,unknown,play_store,PhonePe,1,2026-06-11 10:51:11
35ea57a6-2d6b-4d88-9f21-24726a31ee86,samar 🖥️ ❣️,unknown,play_store,PhonePe,1,2026-06-11 10:45:50
7d0863b3-2f6d-4f9d-ad8d-0fdf396ae5a9,other upi working but phonepe is blocked first fix this bug,unknown,play_store,PhonePe,1,2026-06-11 10:39:28
15d29145-2dca-4ea4-91a3-0fc3cb899ba4,🤔,unknown,play_store,PhonePe,1,2026-06-11 10:18:09
3d4698e0-9f4a-4277-850a-afb216ee450b,sabse bakwaas app chor bhi hai 1200 khagai or costmar care ko call hi lagat,unknown,play_store,PhonePe,1,2026-06-11 09:55:47
4730bdf0-676f-4195-88da-422f1f6a4ab0,good,unknown,play_store,PhonePe,1,2026-06-11 09:23:52
aefccfe3-a4ff-41f9-bd15-5b3fd0fa6ff9,very very disapointed ghatiya service hai kal 10 may 2026 raat 8 baje main phone pay wallate main paise transfer karwayie kisi se or kyc beech main ruk gyi or 24 ghnate ke kiye wait karne ko keh rahe hai ghatiya service hai main oro ko bhi kahunga yea app use na kare kyou 24 hours wait karu mujhe abhi mere paise chahiye,unknown,play_store,PhonePe,1,2026-06-11 08:29:19
59f782b4-ab77-4342-b873-973152102d98,"Bahot hi jyda ghatiya app hai , auto pay stop karne ka option hi nhi show hota Kai bar ,help m b koi option nhi ata stop auto pay ka , option na hone ki wjha s Kai bar payment deducted ho gyi h account, help k andr b koi option nhi hota concern race karne ka",unknown,play_store,PhonePe,1,2026-06-11 08:13:01
23a32b1e-f352-44b0-a0ec-bbdd69fe16a9,very bad experience ...Paytm is the best upi app...so many times I m trying to open but phonepe app not open...,unknown,play_store,PhonePe,1,2026-06-11 08:12:03
bdcd334e-8014-43ed-bd14-526def30a870,customer support se baat nahin Ho paati Sabse Badi dikkat Hai,unknown,play_store,PhonePe,1,2026-06-11 08:08:06
1b2b8f1f-16a8-4fb0-af1b-cb2f155306b7,PhonePe login nahi ho raha hai,unknown,play_store,PhonePe,1,2026-06-11 07:56:21
bfbefdfd-8c7f-43d8-9fa9-3a1e0170d66c,best,unknown,play_store,PhonePe,1,2026-06-11 06:53:47
40d80b2a-97f6-45b3-8659-50f528e8e491,my account is now blocked without any proper reason when i tried to reach customer service and raise a ticket it's been so many days still no reply from their side. my money is stucked in wallet god knows when i would get my money back. really pathetic 🥲,unknown,play_store,PhonePe,1,2026-06-11 06:38:06
6373fbb5-0d41-44dd-afe3-97abd3a7f9f2,super,unknown,play_store,PhonePe,1,2026-06-11 03:08:46
be651c43-eb66-4f7b-91fb-f25f36858608,very slow app ye yesa app agar aapne kahi khaa liya or chaahe aapke account me kitne bhi cr pare ho aap vaha bartan majoge don't use this app,unknown,play_store,PhonePe,1,2026-06-10 23:28:23
6a1e465c-cdef-41d9-bc7c-f05b91b316b3,refresh transaction history is not working. its very irritating,unknown,play_store,PhonePe,1,2026-06-10 23:16:33
823e60b3-cc2b-4d26-ab45-e7c021a675bc,good,unknown,play_store,PhonePe,1,2026-06-10 23:15:07
80ae1db9-06fe-4c7f-9c1e-99d4258f1261,not working on my smartphone,unknown,play_store,PhonePe,1,2026-06-10 22:47:35
69de744f-2cef-4769-bc97-e7dae9a9e96c,सतनाम,unknown,play_store,PhonePe,1,2026-06-10 22:20:05
5d9c91d9-30d7-459d-b26f-cc08144d66e0,good app,unknown,play_store,PhonePe,1,2026-06-10 22:05:00
93c14be6-ae74-4912-b325-634740129d10,"This is one of the worst support experiences I have ever had. The application feels like a scam. Please do not use it if you expect timely payments or refunds. They take your money immediately, but when it comes to returning it, they keep saying it is ""under processing"" and make you wait 7–9 days or even longer. Customer support is extremely poor and provides no proper resolution. Very disappointing service and a complete waste of time.",unknown,play_store,PhonePe,1,2026-06-10 21:45:12
9403143d-31e6-4a37-b856-11befd1f003c,service very poor even if not give 1star unessary frozen my account I cannot payment,unknown,play_store,PhonePe,1,2026-06-10 21:22:31
baa2393a-9f43-4023-9fb7-608654a1fef0,ghatiya app sirf sms charg kat ta h,unknown,play_store,PhonePe,1,2026-06-10 20:58:53
f7fe8891-273c-48b7-81c5-ea54127459cc,Gurpreet Singn,unknown,play_store,PhonePe,1,2026-06-10 20:31:11
83f460cc-b5ef-4c16-9b30-1537fa14f6f9,not show my account balance.. and not send money.. try again and again.. but no response. otp does not accept. I am very disturb.,unknown,play_store,PhonePe,1,2026-06-10 20:22:41
b889547d-ab96-4353-ab4d-64cc3b00505e,"This app is very worst . Their customer support service is very worst ,they not solve the problem only wasting the time of customer.",unknown,play_store,PhonePe,1,2026-06-10 20:18:49
4a6b80d1-f518-403b-9c53-3ff6edb30d4e,very poor response we are not satisfied,unknown,play_store,PhonePe,1,2026-06-10 20:15:03
22ec100b-84fd-48ba-a83a-d786adaa509e,is app ko open karte hi display view automatically band ku ho jata he phone ko restart karne ke baad bhi nahi chalta he & unstall karne ke baad nahi chal raha he,unknown,play_store,PhonePe,1,2026-06-10 19:57:03
5129408a-dadc-4721-a08c-34b56e571999,this is not opening fast it takes more time to open and it hangs so much please maake sure the problem and slove it as soon as possible,unknown,play_store,PhonePe,1,2026-06-10 19:54:48
8013d3e6-71bd-4509-9d68-0c38f0c1cf49,getting worse payment app. don't why it was always updating!! every single time i open the app it says updating !!!! very frustrating,unknown,play_store,PhonePe,1,2026-06-10 19:54:16
6aa981fe-12e4-4aeb-9a46-e654246abecf,"I can't login Phonepe, I think it's blocked by phonepe",unknown,play_store,PhonePe,1,2026-06-10 19:50:47
651fe472-730f-46f8-a893-77256b713227,good,unknown,play_store,PhonePe,1,2026-06-10 19:28:14
1cc18564-9b01-4a65-b0e7-0b1566915f7f,ghuj,unknown,play_store,PhonePe,1,2026-06-10 19:10:33
17d9c550-5850-4c81-abec-80500701f8a9,my phonepe is blocked. I requested for unblock and mailed to the phonepe team but still no response from the phonepe side. I raised too many tickets. but no response from your side. still my account is blocked. till date 10-06-2026,unknown,play_store,PhonePe,1,2026-06-10 18:37:26
2774b8ea-ea9c-4c85-9f1b-4ea6ab20615f,don't use phonepe wallet it's trap 0/10,unknown,play_store,PhonePe,1,2026-06-10 18:27:40
ba0f06b2-a725-4b04-bd34-532936cffd5e,very worst service,unknown,play_store,PhonePe,1,2026-06-10 18:22:26
267c4017-80ba-4360-b2d2-4afd49fd3fd3,hi my fund pending leater please so my fund return,unknown,play_store,PhonePe,1,2026-06-10 18:09:52
3a552a17-41a1-4253-a580-4570f30cf4a5,biomatric is so poor 😏,unknown,play_store,PhonePe,1,2026-06-10 17:56:59
b5c0baa1-4e9f-44e9-8d02-a7c5cca2269d,", ,,",unknown,play_store,PhonePe,1,2026-06-10 17:02:05
30ab827c-213f-4de3-8de3-2731c96f37b7,very bad experience,unknown,play_store,PhonePe,1,2026-06-10 16:55:33
56754664-082e-48b4-9a50-2af9bd9d5f7a,worst experience am facing... phone pe not working at all . I need to often reinstall the app and use and in next minute it's again getting hanged .. pls resolve it,unknown,play_store,PhonePe,1,2026-06-10 16:33:37
51fab9a0-748b-45c1-91d0-977e7711d697,worst experience app don't install this app,unknown,play_store,PhonePe,1,2026-06-10 16:16:23
da047c0d-8d96-49c7-8439-48c75ad649c6,phone per ek ghatiya app hai agar kabhi bhi aapka Paisa khatm Ho jaaye aapka bank account se aur pahle se aap phonepe wallet mein kuchh Paisa jama ke Rakha hai lekin fir bhi aap usa withdraw nahin kar sakte kyunki aapke pass original PAN card hona chahie aur emergency time mein agar PAN card nahin hoga to aap usa withdraw nahin kar sakte hai phonepe ek faltu app hai mere hisab se Mera recommend hai ki aap log is app mat use Karen do not use this app,unknown,play_store,PhonePe,1,2026-06-10 16:08:49
23abb9dd-3d45-4d13-8cee-44889b2bb24c,op,unknown,play_store,PhonePe,1,2026-06-10 15:57:28
c45e4ca9-4fc8-4d91-bfd9-92421e90a016,App uses lots charges on Mobile recharges,unknown,play_store,PhonePe,1,2026-06-10 15:56:55
cf08e555-9553-4f1c-9516-36b2abdae7c1,"PhonePe has been causing me trouble for quite some time; I am unable to make payments anywhere. It keeps showing ""PhonePe Payment Protect activated,"" and I cannot find a solution to this problem.",unknown,play_store,PhonePe,1,2026-06-10 15:29:51
776d66ea-97b1-4b4c-a212-0ff9cd386ee1,not working properly it take 5 minutes to open the app and it hangs soo much useless app,unknown,play_store,PhonePe,1,2026-06-10 15:01:20
ff2ffbff-5ab1-44d4-8258-ad0b9f2c4627,there is no facility about wrong transactions and also provide wrong customer care number of bank,unknown,play_store,PhonePe,1,2026-06-10 14:32:57
5df782a6-af0d-401e-8ce3-acaad26ebb5c,FASTAG RECHARGE NAI HO RAHA IQOO 15 ME APP CRASH HO RAHA H,unknown,play_store,PhonePe,1,2026-06-10 13:58:53
9b719b3f-8328-445c-821b-62d038a38547,saala mera phone colour jsjsiishsid,unknown,play_store,PhonePe,1,2026-06-10 13:53:37
cb8c65e5-970b-4750-a8ec-753074df3ff9,bad,unknown,play_store,PhonePe,1,2026-06-10 13:41:25
138af311-7231-4762-9d1a-01c2392d4126,I like it,unknown,play_store,PhonePe,1,2026-06-10 13:38:11
dca20d51-0057-49a7-b407-f95568755af0,chor hai ekdum ghtiya service hai koi proper response nhi hai inke paas bss apni technical issues ko bhi ye bank ka bta dete hai or ghtiya service provide krte hai,unknown,play_store,PhonePe,1,2026-06-10 12:52:55
8aa0c113-5623-4fe2-ada1-0be282d6fb2e,"NRI's should avoid this company, horrible customer service for our own money",unknown,play_store,PhonePe,1,2026-06-10 12:52:33
1dec2f0b-49ed-43e0-84ea-2ba7e1b633fd,"I have been using PhonePe and recently attempted to add my bank account, but the app failed to resolve the issue despite multiple attempts and long wait times. Phone numbers or direct helplines were not available. Customer support was unhelpful and effectively unavailable. The in-app help/Support chat either routed me to automated responses that didn’t match the problem or showed long wait times without escalation to a human agent. I will update this review if PhonePe addresses these problems",unknown,play_store,PhonePe,1,2026-06-10 12:17:55
47565ac3-b236-425f-84f3-bd528df52716,not bad,unknown,play_store,PhonePe,1,2026-06-10 12:13:26
6d5f8c50-3589-4652-a60c-990933d3e38e,mera bank ka sarvar ku done rehta h plz help me,unknown,play_store,PhonePe,1,2026-06-10 11:16:33
b5d13cda-ec9d-4a0c-b596-7af31b766e81,waste app I send money my brother for emergency hospital 48 hours completed but today they asked 5dys more to send my money back total 7days they not good in other apps send money back with in mints but phone waste they not slove.... waste app,unknown,play_store,PhonePe,1,2026-06-10 10:00:22
11e52020-5c61-4785-955e-51813adad170,good,unknown,play_store,PhonePe,1,2026-06-10 09:47:33
c7de3887-fe4e-4427-bc3b-bc87be1b1bb4,"⭐ 1 Star I paid ₹1 to try the service, and the very next day ₹699 was deducted through auto-pay. I did not expect this charge and received no clear confirmation that such a payment would happen. This is extremely frustrating. Please make subscriptions and auto-renewals much more transparent and provide an easy way to cancel. these are like scam iam very disappointed that",unknown,play_store,PhonePe,1,2026-06-10 09:34:55
fd170ef6-5bc9-4da6-96b0-7502a5249a6e,poor service account security massage shown always. till now the problem not resolved.,unknown,play_store,PhonePe,1,2026-06-10 09:08:56
6ceb3204-b72b-452d-a770-7663fb01fd5a,"For the past few days, I have been unable to log in to PhonePe. There has been no response from customer support. I am uninstalling PhonePe and I will not use this application anymore.",unknown,play_store,PhonePe,1,2026-06-10 08:54:31
0f0a07bb-406d-49d7-9655-b9b07e9f17f9,my account has been blocked and l have been unable to access or use it during this time. l have contacted support many time. with reason you blocked my account. worst customer service and send mail but no reply. worst customer service. i trying from 3 months,unknown,play_store,PhonePe,1,2026-06-10 07:55:53
82a5bcbd-753b-4326-961f-7d6711cae2d4,"PhonePe used to be convenient, but now it feels like every transaction has a charge hidden somewhere - platform fee, credit card fee, and more. Instead of keeping things free and simple like other UPI apps, it seems more focused on squeezing extra money from users at every step. I've deleted the app and I'm happy that it was a good decision. I won't recommend PhonePe if you're looking for a truly free and hassle-free payment app. and recommended never buy digital gold via creadit card",unknown,play_store,PhonePe,1,2026-06-10 07:53:06
3ee4c3a3-38f2-4558-9eac-4a622da0a8a9,UPI payments are not allowed on either your account type or the receiver's account type. Please contact your bank for more details. my account please solve,unknown,play_store,PhonePe,1,2026-06-10 07:39:43
9dd67fb6-bcc0-4ada-9989-6989d099a117,third class phonepe app,unknown,play_store,PhonePe,1,2026-06-10 07:32:09
1151a5bb-604a-4e10-adfb-2ad15a2b690a,Very bad experience when I used this app realized this app many time taking password and the app not proper run really I am very disappointed this app that's why I gave only 1 star because this app very bad.,unknown,play_store,PhonePe,1,2026-06-10 07:23:54
046be2d5-f005-441a-9182-bf1be913b6f2,best,unknown,play_store,PhonePe,1,2026-06-10 07:03:49
ede107e2-dabe-4a70-b928-2a79347e0708,RAHG,unknown,play_store,PhonePe,1,2026-06-10 06:35:07
94b12938-5afd-4cb6-b179-90bf3e7a8946,"Very Fraud JAR, Don't invest in gold & Silver via phone pay",unknown,play_store,PhonePe,1,2026-06-10 06:30:12
2b6cd71b-d2b0-42c9-99a8-d64b25abf0d1,not working properly,unknown,play_store,PhonePe,1,2026-06-10 05:34:34
126dd488-ea15-470b-9090-6330685c47a6,help,unknown,play_store,PhonePe,1,2026-06-10 05:26:00
37176cbe-8e4f-4995-96a3-c8710490bdb8,Mera phone pay open nahi hora h,unknown,play_store,PhonePe,1,2026-06-10 01:27:24
39a30e6f-e83a-476c-9eff-3dd2c7cc9d3d,kindly give a passcode option for PhonePe Wallet payment or withdrawal to account...,unknown,play_store,PhonePe,1,2026-06-10 01:12:27
bf274835-38a7-494f-b2ff-bbb7dc3d6052,my money 500 cut why disappointed phone pay i hate phone pay and no paid history phone pay scammers I uninstall now I hate... 🤬🤬🤬🤬🤬🤬,unknown,play_store,PhonePe,1,2026-06-10 00:38:00
2418daf2-33d0-4d9a-9ffe-e7804c84ef0a,okay,unknown,play_store,PhonePe,1,2026-06-09 23:53:27
2e3c8282-90e4-4aa5-96e2-c7bf528b1f18,"Every1, Download supermoney app,ull get few amt of money on each n every single transaction, phnpae worst pay app, other apps like super money Google pay etc they give cashbacks many many cashbacks, but this phonepe it doesn't give no cashback forget about cashback it doesn't give nothing at all, very very slow transaction, in other app as soon as we receive money they show us but this phonepe it takes 10 to 15 minutes to show the amount, got lots and lots and lots of issues with phonepe",unknown,play_store,PhonePe,1,2026-06-09 23:33:11
c7c3908b-1042-434b-9351-926fd4ae2efc,very bad app,unknown,play_store,PhonePe,1,2026-06-09 21:56:19
ca0c127a-d42e-4b2e-ba4e-31fe6a88a49d,happy birthday,unknown,play_store,PhonePe,1,2026-06-09 20:55:39
d28fb947-dd3e-4428-90de-2cafbed49510,"worst experience no proper customer support, my account is blocked without knowing any reason it is showing some security reasons without proper intimation how could they block my account I already raised support tickets from their help center and a week completed but they are not responding and solving my issue.",unknown,play_store,PhonePe,1,2026-06-09 20:20:10
d7bed329-16a4-40cf-a242-14ba5415b190,HedarPathan,unknown,play_store,PhonePe,1,2026-06-09 20:17:07
27bcd780-c7c2-4ec1-919f-06e6604ef1b4,good,unknown,play_store,PhonePe,1,2026-06-09 20:00:08
21961f52-984e-44de-b3f4-52db9e6997fe,very very poor customer service on phonpay app payment transaction complaint not Clear 48Hours no ticket compltnt complete transaction are pending 48Hours not be completed very very lazy service phonpay,unknown,play_store,PhonePe,1,2026-06-09 19:41:09
a1ba4859-ec25-48b3-8acf-46a0a47c87e9,bad process,unknown,play_store,PhonePe,1,2026-06-09 19:38:09
1c5aefaa-e934-40f6-8243-8f0cfa057457,verry bad,unknown,play_store,PhonePe,1,2026-06-09 19:07:49
1534cacf-452b-42c5-8fec-3d6b52d3ba9f,আমার টাকা আটকে গাছে পেন্ডিং হয়ে 😡😡🤬,unknown,play_store,PhonePe,1,2026-06-09 19:05:56
f9300a80-26a7-406c-bc01-7402b0dcbcff,good,unknown,play_store,PhonePe,1,2026-06-09 19:03:10
74f5dbd1-7f41-4b7f-9047-79be84806afa,it's a worst upi app i ever used,unknown,play_store,PhonePe,1,2026-06-09 18:08:04
b4302a19-0de9-44d2-af4f-8bb8eecaaa23,protective bta k peyment m smshya aati h bhut,unknown,play_store,PhonePe,1,2026-06-09 18:01:04
2de53c13-fcdd-4767-943b-b09dd4a9320c,didn't work properly can't check balance even can't use any option. not work,unknown,play_store,PhonePe,1,2026-06-09 17:46:15
45b8a256-e0f1-4ce6-8414-17cf8edb43c1,i am not able to make payments to anyone on phone pe. getting phonepe protection activation error tried all options by uninstalling the app. but same error,unknown,play_store,PhonePe,1,2026-06-09 17:27:30
4639fe29-2ee4-426e-970a-7c05edf692d5,nice,unknown,play_store,PhonePe,1,2026-06-09 17:24:24
6f63848b-dd7b-43f1-a3ec-23d7abd8280d,laboratory app,unknown,play_store,PhonePe,1,2026-06-09 17:19:35
d4c3bf5e-b401-4d2c-b539-90f35271ec61,badd,unknown,play_store,PhonePe,1,2026-06-09 16:51:08
3c395e85-6c41-41e8-a239-e732538e9e61,slow network ಅಂತ ತೋರಿಸುತ್ತೆ ಆಗ phone restart ಮಾಡಬೇಕು ಇದು ಏನ್ ಪ್ರಾಬ್ಲಮ್ ಅಂತ ಗೊತ್ತಾಗಲಿಲ್ಲ,unknown,play_store,PhonePe,1,2026-06-09 16:11:39
3be1439b-b32f-4e2e-a305-442aee400d8c,not able to install in my phone,unknown,play_store,PhonePe,1,2026-06-09 15:47:04
fac76db8-ed14-4a51-ae53-8e78e2582fec,इसमें क्रेडिट कार्ड अप्लाई न करें इसमें कार्ड अप्लाई नहीं होता हैँ सिर्फ डाटा लिया जाता हैँ फिर सिर्फ दिन मे 40 बार फ़ोन आएगा एचडीएफसी bank से,unknown,play_store,PhonePe,1,2026-06-09 15:37:27
4660c1e2-322f-40be-9914-cdc341f458cd,not good,unknown,play_store,PhonePe,1,2026-06-09 15:33:12
d10cb2b7-e979-4122-ac21-024b01d117db,lalal,unknown,play_store,PhonePe,1,2026-06-09 15:16:55
3f603dab-1770-498e-b06a-c71a800ace42,account block,unknown,play_store,PhonePe,1,2026-06-09 14:56:15
f2a2776a-ae78-4ff2-b181-acbb99dac404,not working,unknown,play_store,PhonePe,1,2026-06-09 14:48:53
42b17445-3ea9-4e0e-90eb-3de4c59703dc,sab se khar hai ye app koi bhi nahi download kare bhai yo kiyu ki 5 din se block dala hai aor mene kai riport kari hai par koi nahi riplay aya nahi mere isake chakar me 5100 rupey latake hai baha par kat gaye hai aor yaha par aye nahi hai ab batao me kiya karu 5 din se riplay hi nahi aa raha hai tu ye app kharab ho gaya hai ya fir ye app ko kisine hack kar liya hai koi bhi apne pese ko ese app na hi peyment kare tu sahi rahega kisi ne hack kar liya hai app ko nahi tu 5 din se meri sunte nahi ye,unknown,play_store,PhonePe,1,2026-06-09 14:41:29
9e7dd4ff-b507-496a-863f-ead23e7e370a,my second a/c of same bank is not showing 😭😭 please solve this problem,unknown,play_store,PhonePe,1,2026-06-09 14:41:02
af1bcd4e-4913-4734-89b5-ee3da0dd1c48,It delivered me a different item when I request for return the agent told me it was not similar to the the product as shown in app . But I was delivered a wrong item . What should I do now.. ??,unknown,play_store,Flipkart,1,2026-06-12 12:27:40
5d23a9b3-a0d9-47ed-81c6-e4ff9a108f84,Useless customer support. They just read their scripts and hav nothing to do with customer's complaints and the moment you ask them to connect to their superiors they put your call on hold and simply disconnect. They resolve complaints as per their wish. No matter if it is resolved or not you get a message/email saying it is resolved. Edit: Once the again the same story reapeats itself. Promised deliver date has got passed. No on one knows what went wrong and when can the delivery be expected.,unknown,play_store,Flipkart,1,2026-06-12 12:26:02
0e20ff77-1969-4f63-a421-9bdd8ce69b47,ghatiya sarvice mera koi order time pe nahi pahuchata es liye cancel karna padta hai ghatiya sarvice hai,unknown,play_store,Flipkart,1,2026-06-12 12:22:01
0501f688-1ccd-4ea5-8e65-a82697682086,"worst experience, delay order issues and no proper response and deliver executives negligence,bad experience",unknown,play_store,Flipkart,1,2026-06-12 12:21:19
1e0e49f9-4728-471a-a999-48b21e2e2a83,using flipkart since a long time..but the customer care support is worse..an order that I placed..received it now the product was wrong and damaged..i am trying since a long time to return and refund it but am not getting any support..,unknown,play_store,Flipkart,1,2026-06-12 12:19:02
e12729e6-169a-4285-b2ff-b2dad1e8fd08,very good 😊😊😊😊😊,unknown,play_store,Flipkart,1,2026-06-12 12:18:53
324ec9aa-6539-4f16-b6f1-82be75fb3ece,good,unknown,play_store,Flipkart,1,2026-06-12 12:15:33
9d5bff22-4167-4e75-b87e-0f44fb72681d,first deliver my order,unknown,play_store,Flipkart,1,2026-06-12 12:13:46
3fe4d4ad-add3-4e09-a992-ff5b3c7dfa85,bad,unknown,play_store,Flipkart,1,2026-06-12 12:09:22
fee4561b-e76e-4ccd-b5f6-844989d66563,"I am so disappointed,I ordered a data cable and they sent me a used data cable which is not even working. what kind of fraud is this? our money dosent grow on trees",unknown,play_store,Flipkart,1,2026-06-12 12:09:19
7291111f-8362-4e48-b588-638cb6fba62b,kimat bahut jyada hai,unknown,play_store,Flipkart,1,2026-06-12 12:09:13
7b147e05-3cb5-4883-97f5-6d968d5f9a14,"Flipkart took my down payment, put my order on hold, and still hasn't refunded my money. Customer support only delays the issue with fake timelines. Completely unacceptable and highly unprofessional service.",unknown,play_store,Flipkart,1,2026-06-12 12:01:43
ccb22ac1-c8d6-4059-bc8e-e11ccac2ebad,good,unknown,play_store,Flipkart,1,2026-06-12 11:59:29
8f0ce90d-0afd-4395-a17c-24895f045d82,"Extremely poor service. As a developer, I urgently ordered a headset for meetings, paying extra for express delivery & protection. The item reached the hub, but when I went there directly to collect it, they couldn't find or deliver it, disrupting my work. Replacement requests and ordering 2-3 times from other accounts also failed. Customer support offers no proper help. Despite being a loyal customer for years, this is unacceptable. My family and I will no longer use Flipkart.",unknown,play_store,Flipkart,1,2026-06-12 11:59:06
69be1687-b7c5-45f6-b725-32799fa76a72,Return policy kharb hai maki chdu,unknown,play_store,Flipkart,1,2026-06-12 11:58:02
54562cec-28d6-4247-b37e-f1e5eab973da,Archana,unknown,play_store,Flipkart,1,2026-06-12 11:57:43
92b8037f-1647-4d27-a6c6-48754bf59ebe,nice,unknown,play_store,Flipkart,1,2026-06-12 11:53:47
56460d86-fba2-48e8-9b2a-c27c6758b327,I ordered a Helmet recently. The app shows the product will be delivered in 2 days (express Delivery) and after 2 days the app itself rescheduled the delivery date and extended it for 5 days and now I talk with the customer support team and they are saying your product is untraceable and wait for again 3 days but app is showing different it says your product is at the nearest hub and it will deliver in 3 days ! why will you take 3 days to deliver a product that is in the nearest hub.,unknown,play_store,Flipkart,1,2026-06-12 11:52:28
72628cb4-bd7c-4b45-8ba9-824958371b41,They give the wrong product and do not even exchange it,unknown,play_store,Flipkart,1,2026-06-12 11:50:47
f97c0064-2e1a-44e3-81a1-0d217ac2fa54,worst portal ever.... please don't buy anything from Flipkart app....and there customer service are 3rd class,unknown,play_store,Flipkart,1,2026-06-12 11:45:31
beaf41ae-21f3-4e57-97c3-c2e30bf11db7,"Very bad delivery experience.My order was marked as delivered but I never received it.The delivery person often cancels my order , especially good offer orders.This time my order was COD but still marked delivered without giving it to me.I used my super coins for this order please take strict action and solve this issue.",unknown,play_store,Flipkart,1,2026-06-12 11:44:11
eb172f96-ef78-47a5-83aa-137a9d4a4093,Very Bad app delivery service is not on time very very bad first experience,unknown,play_store,Flipkart,1,2026-06-12 11:42:08
820adcb0-dc89-4934-8ab0-253144757c0b,no comments 😞,unknown,play_store,Flipkart,1,2026-06-12 11:40:11
3fefa589-3eae-4185-b2fc-022758ebd912,nice product 👍,unknown,play_store,Flipkart,1,2026-06-12 11:39:29
aa37da25-f682-4ea4-843f-611d1c8051b9,"Paid ₹1,40,083 for my XPulse 200 4V here, but the dealer extorted ₹4,700 extra! Complained on 31/05/2026. 15 days later, zero refund. Priority support is a scam: they call, mute for 30s, then hang up. They promise a 4-hour callback just to repeat the exact same mute-and-disconnect loop. Filing a Consumer Court case in 5 days. Avoid buying bikes on this app—buy direct from the showroom!",unknown,play_store,Flipkart,1,2026-06-12 11:32:23
58870922-8a6c-476f-bb91-4bea67043945,"beware of their return policy and return window when you buy expensive items. they won't entertain any return or replacement once the return window is passed, even if it is Flipkart's fault. Serious flaw in Flipkart policy.",unknown,play_store,Flipkart,1,2026-06-12 11:28:55
838a0667-1d62-4ee2-8788-63ab30285640,Never purchase appliances. The installation of appliances takes more than 10 days and you have to fight always highlight the issue. The customer executive keeps on saying backend team is looking into it but it just keeps on dragging,unknown,play_store,Flipkart,1,2026-06-12 11:28:13
18c3b32d-a92f-410c-8c4e-507ea15949de,excellent work,unknown,play_store,Flipkart,1,2026-06-12 11:27:06
fdf9dc16-f585-40e7-864a-a8585af23298,best,unknown,play_store,Flipkart,1,2026-06-12 11:24:53
21c2dd60-d50f-454f-88b4-68746d6d1259,"""Flipkart is the worst when it comes to delivery. It takes 20–25 days for orders to arrive. It's a very bad app.""",unknown,play_store,Flipkart,1,2026-06-12 11:23:29
45c8e920-51bc-478f-b6ac-dcd1e41a42bf,loharpura,unknown,play_store,Flipkart,1,2026-06-12 11:21:59
0552fb14-2430-4668-8717-921122392eca,loos service ban kro India se Flipkart ko chor Company,unknown,play_store,Flipkart,1,2026-06-12 11:20:49
f962b66c-6570-4ea8-9b31-8eab00f0b1ff,"very very bad service .. I ordered the same thing 3 times .. they maid wait for extra 2-3 days every time .. and for sake of problem resolving , they just cancel my order themselves without taking any responsibility and then expect to order again and wait again for many days .. now going to order same thing from Amazon",unknown,play_store,Flipkart,1,2026-06-12 11:18:31
00b0cf5f-5e00-4d27-9392-14b32018ba85,good,unknown,play_store,Flipkart,1,2026-06-12 11:12:59
bbbb5096-d044-4732-828d-97dfa0c37715,Flipkart Se Koi kuchh order mat Karna doston scam application he. order kuchh aur karta hun order kuchh aur aata Hai,unknown,play_store,Flipkart,1,2026-06-12 11:08:51
8550253c-404e-4719-9d5b-c0d3993155d2,aaaa thuu🤮,unknown,play_store,Flipkart,1,2026-06-12 11:06:55
5db7c470-d4e0-4dbf-9b2d-9a019c962176,totally time waste app,unknown,play_store,Flipkart,1,2026-06-12 11:06:03
37659d59-0088-448f-b76f-fa9d51ce2ed0,this app is very bad its taking to long for an order and also the order is not working and return is also taking too long and than the deliveryman said that return the order twice i want to give 0 rating to this app,unknown,play_store,Flipkart,1,2026-06-12 11:01:49
578be80c-8a74-4471-b7e8-91c4e94ecc9a,I m not happy with this app ish mai koi call supportive system ni hai help line number v reachable nahi hai wrost app of the world,unknown,play_store,Flipkart,1,2026-06-12 10:59:30
becfe0be-13bf-4c66-a170-cac38a1e6e00,awesome products,unknown,play_store,Flipkart,1,2026-06-12 10:56:01
fbedadd2-0c0e-4472-b303-70310d0146ed,nice,unknown,play_store,Flipkart,1,2026-06-12 10:54:47
81dec383-c6c2-4b75-8026-dea99e900a07,better,unknown,play_store,Flipkart,1,2026-06-12 10:48:12
8da70f7d-5cb1-49e3-8d00-6e8a91116a97,very very worst performance for grocery Delivery,unknown,play_store,Flipkart,1,2026-06-12 10:38:56
c5a7e67f-d430-40f4-adf5-134fe92d85a7,good,unknown,play_store,Flipkart,1,2026-06-12 10:37:32
ba9a59df-7e9a-4ca0-9080-c981c2e403cf,I would give 0 rating for the customer service. Only plan to sell and add some additional charges. think thrice before you order in flipkart,unknown,play_store,Flipkart,1,2026-06-12 10:35:03
3151a4e4-a601-41ec-aa1c-55c715fcafb5,upi payment kyu nhi kam krta😡,unknown,play_store,Flipkart,1,2026-06-12 10:30:34
7425a265-dd12-4a62-8d8e-d7e5c3c7e9ff,mere ko order karke total 16 days Ho Gaye aur abhi tak mere pass order nahin pahuncha tarikh pe tarikh pe tarikh free time aati Hai FIR time aage badha De re kuchh bhi response nahin Hai log ka ekadam bekar service,unknown,play_store,Flipkart,1,2026-06-12 10:27:49
84567cf7-716e-4eb2-8631-b2749c5c89ba,acha hai,unknown,play_store,Flipkart,1,2026-06-12 10:24:57
028f84fd-d644-4301-aaf7-0532849618c3,"Cannot deactivate account, change mobile number because I lost the sim card.",unknown,play_store,Flipkart,1,2026-06-12 10:22:29
4254b4f4-b1c1-4886-a9b6-0ebfe219b6e2,"app is not working after usual regular update of just 3 days ago...not able to purchase anything, again failed to load after update in april2026....again on 12 june update,app not working,it shows something went wrong..i tried deleting cache,whole data,flight mode but not helpfull...i am using app last 10 years nothing like this happened earlier which is very common in last 2 years",unknown,play_store,Flipkart,1,2026-06-12 10:19:57
501,Issue: very bad because many more late all orders!,unknown,synthetic_augmentation,,,
502,Yaar very bad because many more late all orders asap,unknown,synthetic_augmentation,,,
503,Please fix this: everytime your orders get delayed. and you will be so helpless that you can't contact any customer executive. these days zomato sucks in performance delivery. better to learn from swiggy people . concentrate on business first then in social media . jaldi,unknown,synthetic_augmentation,,,
504,Issue: everytime your orders get delayed. and you will be so helpless that you can't contact any customer executive. these days zomato sucks in performance delivery. better to learn from swiggy people . concentrate on business first then in social media .!,unknown,synthetic_augmentation,,,
505,Bhai too much extra charges....,unknown,synthetic_augmentation,,,
506,Please fix this: too much extra charges.!,unknown,synthetic_augmentation,,,
507,Please fix this: compare to swiggy i think they intentionally remove the discount which are on restaurants,unknown,synthetic_augmentation,,,
508,compare to swiggy i think they intentionally remove the discount which are on restaurants!,unknown,synthetic_augmentation,,,
509,why this don't gives us cod...,unknown,synthetic_augmentation,,,
510,Bhai why this don't gives us cod!,unknown,synthetic_augmentation,,,
511,Bug: packeging fee whats your packeging inside your packeging is primium 😡😡😡😡😡 normal packeging and your fee is 14 rupees platform fee next gst extra i am not ordering by your platform i am done 😐😐😐!,unknown,synthetic_augmentation,,,
512,Bug: packeging fee whats your packeging inside your packeging is primium 😡😡😡😡😡 normal packeging and your fee is 14 rupees platform fee next gst extra i am not ordering by your platform i am done 😐😐😐 immediately,unknown,synthetic_augmentation,,,
513,one of the worst app 🤦👎...,unknown,synthetic_augmentation,,,
514,Bhai one of the worst app 🤦👎 asap,unknown,synthetic_augmentation,,,
515,call no kya bakwas hai,unknown,synthetic_augmentation,,,
516,Issue: call no asap,unknown,synthetic_augmentation,,,
517,Issue: very nice immediately,unknown,synthetic_augmentation,,,
518,very nice...,unknown,synthetic_augmentation,,,
519,Bug: scam!,unknown,synthetic_augmentation,,,
520,Bhai scam asap,unknown,synthetic_augmentation,,,
521,very bad experience. money not return to oder cancel to side to shop . jab oder cancel zomato ki side se tha money return nhi kiya yaar,unknown,synthetic_augmentation,,,
522,very bad experience. money not return to oder cancel to side to shop . jab oder cancel zomato ki side se tha money return nhi kiya jaldi,unknown,synthetic_augmentation,,,
523,Please fix this: good immediately,unknown,synthetic_augmentation,,,
524,Please fix this: good jaldi,unknown,synthetic_augmentation,,,
525,Bug: sabse bekar app jaldi,unknown,synthetic_augmentation,,,
526,sabse bekar app!,unknown,synthetic_augmentation,,,
527,today 12th of june it was zpl hand cricket results on your app but there is no sign of it on the app asap,unknown,synthetic_augmentation,,,
528,today 12th of june it was zpl hand cricket results on your app but there is no sign of it on the app...,unknown,synthetic_augmentation,,,
529,Yaar delivery fee too high!,unknown,synthetic_augmentation,,,
530,Issue: delivery fee too high immediately,unknown,synthetic_augmentation,,,
531,"there is no option to cancel the order, as i place order by mistake and trying to cancel immediately but not support by anyside, later i received call said you get charged heavy penalty on next order.. so uninstall app with 1st disappointed order.... penalty will be pending... yaar",unknown,synthetic_augmentation,,,
532,"Issue: there is no option to cancel the order, as i place order by mistake and trying to cancel immediately but not support by anyside, later i received call said you get charged heavy penalty on next order.. so uninstall app with 1st disappointed order.... penalty will be pending... asap",unknown,synthetic_augmentation,,,
533,Please fix this: deer suresh sir my payment 11 day pintg,unknown,synthetic_augmentation,,,
534,Please fix this: deer suresh sir my payment 11 day pintg immediately,unknown,synthetic_augmentation,,,
535,Issue: do not use this app they are just looting people and they are not verifying restaurant and dishes properly...,unknown,synthetic_augmentation,,,
536,Issue: do not use this app they are just looting people and they are not verifying restaurant and dishes properly yaar,unknown,synthetic_augmentation,,,
537,it is not placing the oeder...,unknown,synthetic_augmentation,,,
538,Bug: it is not placing the oeder asap,unknown,synthetic_augmentation,,,
539,"Bug: in 2026 this app has lots of scams. trust only cod. multiple times items have not been delivered or missing item. they wont even give refund for the item they missed. no instant resolve , and you cant demand any refund from the restraunt (obviously)....",unknown,synthetic_augmentation,,,
540,"Bhai in 2026 this app has lots of scams. trust only cod. multiple times items have not been delivered or missing item. they wont even give refund for the item they missed. no instant resolve , and you cant demand any refund from the restraunt (obviously).",unknown,synthetic_augmentation,,,
541,Yaar not best no any reward in lucky drow please delete this app thankyou...,unknown,synthetic_augmentation,,,
542,Bhai not best no any reward in lucky drow please delete this app thankyou jaldi,unknown,synthetic_augmentation,,,
543,Yaar kya bakwas chiz hai mausam saaf mai ye delivery dete hai are mausam saaf mai to khud hi le layega insan delivery deni hai to barish mai do naa tbhi to fayda hai ghar baithe khana mil jayega baitha hote hi band krke baith jate ho apne apne employee ko ek ek rain coat do...,unknown,synthetic_augmentation,,,
544,Bug: kya bakwas chiz hai mausam saaf mai ye delivery dete hai are mausam saaf mai to khud hi le layega insan delivery deni hai to barish mai do naa tbhi to fayda hai ghar baithe khana mil jayega baitha hote hi band krke baith jate ho apne apne employee ko ek ek rain coat do asap,unknown,synthetic_augmentation,,,
545,Issue: not even ok. order kro charges itne or order kr lo cancel ho jata h. cod krni ho option nhi hota or online pay kro to refund stuck ho jata h 5-7days wait kro usme bhi kisi ko yaad rhe na rhe. even support bhi helpful nhi hai... just awful.,unknown,synthetic_augmentation,,,
546,not even ok. order kro charges itne or order kr lo cancel ho jata h. cod krni ho option nhi hota or online pay kro to refund atak gaya ho jata h 5-7days wait kro usme bhi kisi ko yaad rhe na rhe. even support bhi helpful nhi hai... just awful. immediately,unknown,synthetic_augmentation,,,
547,unable to provide services which they promise on the app. support system is absolutely worst and forces users to only choose the worst options as no good ones are available. and even when mistaken instead of helping just say sorry nd say we will share feedback. yaar,unknown,synthetic_augmentation,,,
548,Bhai unable to provide services which they promise on the app. support system is absolutely worst and forces users to only choose the worst options as no good ones are available. and even when mistaken instead of helping just say sorry nd say we will share feedback. yaar,unknown,synthetic_augmentation,,,
549,"Issue: i will wait for your response but i have been insulted, your staff, their customer service is like this. while we are talking, you cut the call while we are talking. sir, it seems that zomato's services aren't providing any value to its customers. i don't think i'll ever replace my next order with zomato. i wasn't expecting your services to be the same as the ones i'd get from zomato. sir, it is 4 o'clock at this time and any restaurant can order sweets or ice cream, it is not available on time.!",unknown,synthetic_augmentation,,,
550,"Bug: i will wait for your response but i have been insulted, your staff, their customer service is like this. while we are talking, you cut the call while we are talking. sir, it seems that zomato's services aren't providing any value to its customers. i don't think i'll ever replace my next order with zomato. i wasn't expecting your services to be the same as the ones i'd get from zomato. sir, it is 4 o'clock at this time and any restaurant can order sweets or ice cream, it is not available on time. immediately",unknown,synthetic_augmentation,,,
551,very bad experience. they do nothing even cases of serious fraud by restaurants immediately,unknown,synthetic_augmentation,,,
552,Bhai very bad experience. they do nothing even cases of serious fraud by restaurants yaar,unknown,synthetic_augmentation,,,
553,Yaar pathetic service,unknown,synthetic_augmentation,,,
554,pathetic service immediately,unknown,synthetic_augmentation,,,
555,very poor service immediately,unknown,synthetic_augmentation,,,
556,very poor service please help,unknown,synthetic_augmentation,,,
557,Bug: not good 😡 asap,unknown,synthetic_augmentation,,,
558,Please fix this: not good 😡!,unknown,synthetic_augmentation,,,
559,very worst app do not order 🤮🤮🤢 immediately,unknown,synthetic_augmentation,,,
560,Bug: very worst app do not order 🤮🤮🤢!,unknown,synthetic_augmentation,,,
561,Bhai nagedi thottam 12v asap,unknown,synthetic_augmentation,,,
562,Please fix this: nagedi thottam 12v,unknown,synthetic_augmentation,,,
563,Bhai mat use karo isko isse badiya swiggy hai time par dilivery ho jati hai sabse bekaar hai zomato thook ta hoon espar do money ki service nhi hai inki 2 ghante se jyada ho gaya order received hone banda bhooka manjaye yahse order mt karna bhaiyon warning hai asap,unknown,synthetic_augmentation,,,
564,Bhai mat use karo isko isse badiya swiggy hai time par dilivery ho jati hai sabse bekaar hai zomato thook ta hoon espar do funds ki service nhi hai inki 2 ghante se jyada ho gaya order received hone banda bhooka manjaye yahse order mt karna bhaiyon warning hai...,unknown,synthetic_augmentation,,,
565,Issue: not good immediately,unknown,synthetic_augmentation,,,
566,Yaar not good...,unknown,synthetic_augmentation,,,
567,Issue: honestly the worst app scam scam scam!,unknown,synthetic_augmentation,,,
568,Bhai honestly the worst app scam scam scam,unknown,synthetic_augmentation,,,
569,"Bug: the delivery was heavily delayed. when the executive, pragya, finally arrived, they were extremely rude and unprofessional. zomato needs to look into both this restaurant's quality standards and the behaviour of their zomato executive pragya. highly disappointed.👎 immediately",unknown,synthetic_augmentation,,,
570,"the delivery was heavily delayed. when the executive, pragya, finally arrived, they were extremely rude and unprofessional. zomato needs to look into both this restaurant's quality standards and the behaviour of their zomato executive pragya. highly disappointed.👎",unknown,synthetic_augmentation,,,
571,Yaar nice,unknown,synthetic_augmentation,,,
572,Issue: nice asap,unknown,synthetic_augmentation,,,
573,"paid for my order and waited for more than 1.5 hours, only to be told that my order had been picked up by one delivery partner and then another delivery partner was assigned later. when the second delivery partner reached the restaurant, the restaurant staff informed him that the order had already been picked up and marked as delivered. the problem is, i never received my food. nobody from the support team provided a proper solution. after making me wait for so long, their only response too!",unknown,synthetic_augmentation,,,
574,"paid for my order and waited for more than 1.5 hours, only to be told that my order had been picked up by one delivery partner and then another delivery partner was assigned later. when the second delivery partner reached the restaurant, the restaurant staff informed him that the order had already been picked up and marked as delivered. the problem is, i never received my food. nobody from the support team provided a proper solution. after making me wait for so long, their only response too!",unknown,synthetic_augmentation,,,
575,Bhai hight rate and dely oder asap,unknown,synthetic_augmentation,,,
576,Please fix this: hight rate and dely oder!,unknown,synthetic_augmentation,,,
577,pooe quality sse with media in morning yaar,unknown,synthetic_augmentation,,,
578,Bug: pooe quality sse with media in morning,unknown,synthetic_augmentation,,,
579,Please fix this: this app is to irresponsible for service of orders response and to lag people this waste and swiggy is best more than zomato so i will prefer swiggy because friendly comunication best fast response...,unknown,synthetic_augmentation,,,
580,this app is to irresponsible for service of orders response and to lag people this waste and swiggy is best more than zomato so i will prefer swiggy because friendly comunication best fast response immediately,unknown,synthetic_augmentation,,,
581,fghji jaldi,unknown,synthetic_augmentation,,,
582,fghji jaldi,unknown,synthetic_augmentation,,,
583,Yaar poor service asap,unknown,synthetic_augmentation,,,
584,Yaar poor service,unknown,synthetic_augmentation,,,
585,delivery experience has been horrible lately.!,unknown,synthetic_augmentation,,,
586,Yaar delivery experience has been horrible lately. asap,unknown,synthetic_augmentation,,,
587,jaldi nhi ata h oder taime par asap,unknown,synthetic_augmentation,,,
588,Issue: jaldi nhi ata h oder taime par asap,unknown,synthetic_augmentation,,,
589,"wow!! it's 12june 2026 ,,,zpl ,,,, result day but that option could not be showing on zomato 😕😕 nice foolishing of people,,,,and one thing thank you for waste,,our time ,,,,, sadly leaving my msg ,,,why not people react about it 😁😁 jaldi",unknown,synthetic_augmentation,,,
590,"Issue: wow!! it's 12june 2026 ,,,zpl ,,,, result day but that option could not be showing on zomato 😕😕 nice foolishing of people,,,,and one thing thank you for waste,,our time ,,,,, sadly leaving my msg ,,,why not people react about it 😁😁 immediately",unknown,synthetic_augmentation,,,
591,Yaar pizza padtar apay che sav vest of money jaldi,unknown,synthetic_augmentation,,,
592,pizza padtar apay che sav vest of money please help,unknown,synthetic_augmentation,,,
593,price to high!,unknown,synthetic_augmentation,,,
594,Please fix this: price to high...,unknown,synthetic_augmentation,,,
595,Yaar these agents try to fool the customer to hide their deficiency immediately,unknown,synthetic_augmentation,,,
596,Bug: these agents try to fool the customer to hide their deficiency,unknown,synthetic_augmentation,,,
597,Issue: posa khani besuin itay asap,unknown,synthetic_augmentation,,,
598,posa khani besuin itay!,unknown,synthetic_augmentation,,,
599,"Issue: most of the time offer not applied , wasting of time jaldi",unknown,synthetic_augmentation,,,
600,"Issue: most of the time offer not applied , wasting of time immediately",unknown,synthetic_augmentation,,,
601,"Yaar i paid online for my order but did not receive my parcel. after contacting support, i was connected to the delivery partner, who stated that he left my parcel on a public bench instead of delivering it to my address. i checked the location, but the parcel was not there. this is extremely frustrating and disappointing, especially since i have already paid for the order. this is not my fault. please take immediate action, investigate this issue, and resolve it urgently.!",unknown,synthetic_augmentation,,,
602,"Please fix this: i paid online for my order but did not receive my parcel. after contacting support, i was connected to the delivery partner, who stated that he left my parcel on a public bench instead of delivering it to my address. i checked the location, but the parcel was not there. this is extremely frustrating and disappointing, especially since i have already paid for the order. this is not my fault. please take immediate action, investigate this issue, and resolve it urgently. yaar",unknown,synthetic_augmentation,,,
603,2 ghante 48 mints ho gaye order kiya abhi tak order nhi aaya mera😔!,unknown,synthetic_augmentation,,,
604,2 ghante 48 mints ho gaye order kiya abhi tak order nhi aaya mera😔 jaldi,unknown,synthetic_augmentation,,,
605,Bug: lovda lo app bro money taranfer chasa kani oder raledhe money refund kaledu immediately,unknown,synthetic_augmentation,,,
606,Bhai lovda lo app bro money taranfer chasa kani oder raledhe money refund kaledu asap,unknown,synthetic_augmentation,,,
607,offer kuch or apply kuch or!,unknown,synthetic_augmentation,,,
608,Bhai offer kuch or apply kuch or!,unknown,synthetic_augmentation,,,
609,Yaar very bad experience i faced today worst app other flatforms are better than this app i deleted this app no more needed 2 n half hours took for recive parcel.reastarant around 1km far and 3 delivery person went to pick up rejected finally 3rd person dropped food that was too half boiled 🤢 really worst experience i never ever use this app again asap,unknown,synthetic_augmentation,,,
610,Bhai very bad experience i faced today worst app other flatforms are better than this app i deleted this app no more needed 2 n half hours took for recive parcel.reastarant around 1km far and 3 delivery person went to pick up rejected finally 3rd person dropped food that was too half boiled 🤢 really worst experience i never ever use this app again yaar,unknown,synthetic_augmentation,,,
611,worth less in spending time to write a review for them. immediately,unknown,synthetic_augmentation,,,
612,Please fix this: worth less in spending time to write a review for them.,unknown,synthetic_augmentation,,,
613,"Please fix this: recently i started to hate this app , but now they don't care about customer service and review. they always delay the order and don't give any compensation or coupons for the delay and service support also does not work so kindly use swiggy or any other app or takeaway from your nearest store don't order food from zomato again 🙏 jaldi",unknown,synthetic_augmentation,,,
614,"recently i started to hate this app , but now they don't care about customer service and review. they always delay the order and don't give any compensation or coupons for the delay and service support also does not work so kindly use swiggy or any other app or takeaway from your nearest store don't order food from zomato again 🙏 yaar",unknown,synthetic_augmentation,,,
615,"Issue: very bad experience,i recommend to uninstall asap",unknown,synthetic_augmentation,,,
616,"Please fix this: very bad experience,i recommend to uninstall!",unknown,synthetic_augmentation,,,
617,"Bhai i had gold membership then i paid extra for their new vip service for faster delivery. food was supposed to be delivered in 45min without vip, with vip it was supposed to be faster. but waiting for 1 hour in middle of night they just told me that due to some technical problem they have cancelled my ordered from their end and initiating the refund. now i am sitting here without any food and can't even order because it's already midnight. what a high quality service zomato is providing. asap",unknown,synthetic_augmentation,,,
618,"Issue: i had gold membership then i paid extra for their new vip service for faster delivery. food was supposed to be delivered in 45min without vip, with vip it was supposed to be faster. but waiting for 1 hour in middle of night they just told me that due to some technical problem they have cancelled my ordered from their end and initiating the refund. now i am sitting here without any food and can't even order because it's already midnight. what a high quality service zomato is providing. yaar",unknown,synthetic_augmentation,,,
619,"Yaar i am very disappointed. today i ordered a 1kg cake, at the time of order delivery, 2 cakes of 500gm each were completely broken, the amount of which was rs 804, but zomato gave me a coupon of only rs 500rs very bad experience from zomato asap",unknown,synthetic_augmentation,,,
620,"Yaar i am very disappointed. today i ordered a 1kg cake, at the time of order delivery, 2 cakes of 500gm each were completely broken, the amount of which was rs 804, but zomato gave me a coupon of only rs 500rs very bad experience from zomato yaar",unknown,synthetic_augmentation,,,
621,every time getting delay food from zomato hamesha aise hota hai,unknown,synthetic_augmentation,,,
622,Bug: every time getting delay food from zomato jaldi,unknown,synthetic_augmentation,,,
623,umm...,unknown,synthetic_augmentation,,,
624,umm kya bakwas hai,unknown,synthetic_augmentation,,,
625,"i am uninstalling this app , they don't even provide refund for worst quality food . swiggy is always best then these guys at least they provide support and refund against complaints. immediately",unknown,synthetic_augmentation,,,
626,"Yaar i am uninstalling this app , they don't even provide refund for worst quality food . swiggy is always best then these guys at least they provide support and refund against complaints.",unknown,synthetic_augmentation,,,
627,Bug: bed service high price hige delevery charges and very poor delivery immediately,unknown,synthetic_augmentation,,,
628,Yaar bed service high price hige delevery charges and very poor delivery asap,unknown,synthetic_augmentation,,,
629,Bhai worst app on these days no common sense of delivering food on time ..waste nd worst!,unknown,synthetic_augmentation,,,
630,worst app on these days no common sense of delivering food on time ..waste nd worst...,unknown,synthetic_augmentation,,,
631,Yaar poor customer support. giving stale food n looting customers and support staff not even ready to speak...they have just installed a bot to reply to ur ruined hard earned money. all r chor yaar,unknown,synthetic_augmentation,,,
632,Bhai poor customer support. giving stale food n looting customers and support staff not even ready to speak...they have just installed a bot to reply to ur ruined hard earned money. all r chor!,unknown,synthetic_augmentation,,,
633,"prices is high. platform, fe not justified. immediately",unknown,synthetic_augmentation,,,
634,"Issue: prices is high. platform, fe not justified.!",unknown,synthetic_augmentation,,,
635,edit: zomato has discontinued customer support. just bots harassing customers with no resolutions. proud to be deleting the app another star in the house. now zomato partner with goons of haryana. i place order on zomato and receive half the order. on calling the restaurant i jus get to hear abusive owner. no action at all bt zomato as the restaurant pays them huge. i cn still see the pathetic restaurant in all promoted ads by zomato. anything for money guys! you are unethical and pathetic!!,unknown,synthetic_augmentation,,,
636,Please fix this: edit: zomato has discontinued customer support. just bots harassing customers with no resolutions. proud to be deleting the app another star in the house. now zomato partner with goons of haryana. i place order on zomato and receive half the order. on calling the restaurant i jus get to hear abusive owner. no action at all bt zomato as the restaurant pays them huge. i cn still see the pathetic restaurant in all promoted ads by zomato. anything for money guys! you are unethical and pathetic! yaar,unknown,synthetic_augmentation,,,
637,"it's one of the worst app. they do not respond to customer complaints, and also do not provide an option of support they end the chat based on their convenient. asap",unknown,synthetic_augmentation,,,
638,"Yaar it's one of the worst app. they do not respond to customer complaints, and also do not provide an option of support they end the chat based on their convenient....",unknown,synthetic_augmentation,,,
639,Bug: not good app isase good app swiggy and zomato hai yaar,unknown,synthetic_augmentation,,,
640,Bug: not good app isase good app swiggy and zomato hai!,unknown,synthetic_augmentation,,,
641,"Yaar agar play store review me likhna hai, to gaali-galauj ke bina likhne se review zyada credible lagta hai aur remove hone ki sambhavna bhi kam hoti hai. review: ⭐☆☆☆☆ very poor experience. today's order was delivered by two individuals, and one of them appeared to be under the influence of alcohol. this is extremely unprofessional and raises concerns about customer privatety. it seems there is no effective system to monitor or verify the conduct of delivery personnel. asap",unknown,synthetic_augmentation,,,
642,"Yaar agar play store review me likhna hai, to gaali-galauj ke bina likhne se review zyada credible lagta hai aur remove hone ki sambhavna bhi kam hoti hai. review: ⭐☆☆☆☆ very poor experience. today's order was delivered by two individuals, and one of them appeared to be under the influence of alcohol. this is extremely unprofessional and raises concerns about customer protectedty. it seems there is no effective system to monitor or verify the conduct of delivery personnel. jaldi",unknown,synthetic_augmentation,,,
643,Bug: very costly food asap,unknown,synthetic_augmentation,,,
644,Please fix this: very costly food!,unknown,synthetic_augmentation,,,
645,"Yaar order was not delivered, made me wait for 2 hours and the simply cancelled from their side. all you get after this distress is your money back. immediately",unknown,synthetic_augmentation,,,
646,"Issue: order was not delivered, made me wait for 2 hours and the simply cancelled from their side. all you get after this distress is your money back. yaar",unknown,synthetic_augmentation,,,
647,"absolutely pathetic. i ordered a pizza & it took 2 hours to deliver. it was too cold to eat. had to throw it in dustbin. i contacted their customer ""care"" after 1.30 hrs of placing my order. asked them to help me cancel it they absolutely refused to refund. i felt like being mugged. yes that is what i feel about zomato 'muggers in corporate disguise "". i vow not to place any orders from hereon & also warn people that if unfortunately you happen to place orders on zomato plz don't pay upfront.!",unknown,synthetic_augmentation,,,
648,"Bug: absolutely pathetic. i ordered a pizza & it took 2 hours to deliver. it was too cold to eat. had to throw it in dustbin. i contacted their customer ""care"" after 1.30 hrs of placing my order. asked them to help me cancel it they absolutely refused to refund. i felt like being mugged. yes that is what i feel about zomato 'muggers in corporate disguise "". i vow not to place any orders from hereon & also warn people that if unfortunately you happen to place orders on zomato plz don't pay upfront....",unknown,synthetic_augmentation,,,
649,Yaar terrible terrible experience it's been more than 1hr 45 min order is still not there now i can't even order from elsewhere cuz it's already too late their support is also not good very badd experience yaar,unknown,synthetic_augmentation,,,
650,Bug: terrible terrible experience it's been more than 1hr 45 min order is still not there now i can't even order from elsewhere cuz it's already too late their support is also not good very badd experience yaar,unknown,synthetic_augmentation,,,
651,Yaar worst food delivery app ever.....!,unknown,synthetic_augmentation,,,
652,worst food delivery app ever.....,unknown,synthetic_augmentation,,,
653,"very bad experience, they marked delivery as delivered but no one contacted and delivered good to us. yaar",unknown,synthetic_augmentation,,,
654,"very bad experience, they marked delivery as delivered but no one contacted and delivered good to us. immediately",unknown,synthetic_augmentation,,,
655,"if you won't let people have customer support for wrong orders, stop running a food service app. immediately",unknown,synthetic_augmentation,,,
656,"if you won't let people have customer support for wrong orders, stop running a food service app....",unknown,synthetic_augmentation,,,
657,Bug: gm chinni yaar,unknown,synthetic_augmentation,,,
658,Please fix this: gm chinni immediately,unknown,synthetic_augmentation,,,
659,good asap,unknown,synthetic_augmentation,,,
660,Issue: good!,unknown,synthetic_augmentation,,,
661,"Issue: extremely disappointed with zomato's service. cash on delivery is not available on my account despite the fact that i have never cancelled any orders or violated any policies. there is no clear explanation from customer support, and the issue remains unresolved. it's frustrating when loyal customers are denied a basic payment option without any reason. poor customer experience and lack of transparency. expected much better from a platform of this scale.!",unknown,synthetic_augmentation,,,
662,"Yaar extremely disappointed with zomato's service. cash on delivery is not available on my account despite the fact that i have never cancelled any orders or violated any policies. there is no clear explanation from customer support, and the issue remains unresolved. it's frustrating when loyal customers are denied a basic payment option without any reason. poor customer experience and lack of transparency. expected much better from a platform of this scale....",unknown,synthetic_augmentation,,,
663,Bhai they told 15min and they took 30min yaar,unknown,synthetic_augmentation,,,
664,Bug: they told 15min and they took 30min jaldi,unknown,synthetic_augmentation,,,
665,bad service asap,unknown,synthetic_augmentation,,,
666,bad service kya bakwas hai,unknown,synthetic_augmentation,,,
667,late me my order asap,unknown,synthetic_augmentation,,,
668,Issue: late me my order immediately,unknown,synthetic_augmentation,,,
669,Bhai expensive!,unknown,synthetic_augmentation,,,
670,expensive yaar,unknown,synthetic_augmentation,,,
671,"Bhai very pathetic experience with a recent order. as the consumers increases quality of service decreased, worst customer support service....",unknown,synthetic_augmentation,,,
672,"Yaar very pathetic experience with a recent order. as the consumers increases quality of service decreased, worst customer support service. asap",unknown,synthetic_augmentation,,,
673,not good quality food...,unknown,synthetic_augmentation,,,
674,not good quality food asap,unknown,synthetic_augmentation,,,
675,order not yet delivered?? yaar,unknown,synthetic_augmentation,,,
676,order not yet delivered?? asap,unknown,synthetic_augmentation,,,
677,"Bhai for 2 hours the delivery guy was refusing to deliver me ( i had some construction goin on, but i told him another way which was of just 2 min.) after the zomato customer service called me and asked me accept my order or else it will be cancelled from my side ! after 2 hours they called me, and at last they cancelled it from my side which is absolutely unfair!",unknown,synthetic_augmentation,,,
678,"Bhai for 2 hours the delivery guy was refusing to deliver me ( i had some construction goin on, but i told him another way which was of just 2 min.) after the zomato customer service called me and asked me accept my order or else it will be cancelled from my side ! after 2 hours they called me, and at last they cancelled it from my side which is absolutely unfair! yaar",unknown,synthetic_augmentation,,,
679,online order is robbery jaldi,unknown,synthetic_augmentation,,,
680,Yaar online order is robbery!,unknown,synthetic_augmentation,,,
681,Please fix this: worst food delivery company. always want to impose things,unknown,synthetic_augmentation,,,
682,worst food delivery company. always want to impose things immediately,unknown,synthetic_augmentation,,,
683,Bug: your service is not sweet able an cost havvy asap,unknown,synthetic_augmentation,,,
684,Bhai your service is not sweet able an cost havvy...,unknown,synthetic_augmentation,,,
685,Bhai very bad taste.... i ordered kadhai paneer they sent me chilli panir... and taste of daal makhni was very bad and very bad smell coming from it immediately,unknown,synthetic_augmentation,,,
686,Bug: very bad taste.... i ordered kadhai paneer they sent me chilli panir... and taste of daal makhni was very bad and very bad smell coming from it yaar,unknown,synthetic_augmentation,,,
687,Please fix this: the platform fee keep on increasing. starts from 2rs now it's 14.9rs. which is not acceptable immediately,unknown,synthetic_augmentation,,,
688,the platform fee keep on increasing. starts from 2rs now it's 14.9rs. which is not acceptable...,unknown,synthetic_augmentation,,,
689,ek star bhi dene par bura lgra hai hmne abhi order diya tha usmein offer chalra hmne pehle hi payment krdia aur delivery man ne fraud aur kar dia usne order hi nahi pochaya galat hai ye sab apne staff pr dyan dijiye,unknown,synthetic_augmentation,,,
690,Yaar ek star bhi dene par bura lgra hai hmne abhi order diya tha usmein offer chalra hmne pehle hi payment krdia aur delivery man ne fraud aur kar dia usne order hi nahi pochaya galat hai ye sab apne staff pr dyan dijiye asap,unknown,synthetic_augmentation,,,
691,"i would not order anything and feel bad about it unless emergency this is purely based on my previous and ongoing experience. when you have a problem, you need to go to the chatbot and whatever issue you report they have a standard answer ""thank you for your feedback. we sincerely apologize for your experience today and will strive to do better next time."" jaldi",unknown,synthetic_augmentation,,,
692,"Bhai i would not order anything and feel bad about it unless emergency this is purely based on my previous and ongoing experience. when you have a problem, you need to go to the chatbot and whatever issue you report they have a standard answer ""thank you for your feedback. we sincerely apologize for your experience today and will strive to do better next time.""",unknown,synthetic_augmentation,,,
693,"Bug: delayed delivery is very common experience, why penalty refund is not given by zomato. delayed delivery means waste of time of customer, even of order is cancelled time is wasted. but zomato, the seller makes profit even if order is delayed.",unknown,synthetic_augmentation,,,
694,"Bhai delayed delivery is very common experience, why penalty refund is not given by zomato. delayed delivery means waste of time of customer, even of order is cancelled time is wasted. but zomato, the seller makes profit even if order is delayed. yaar",unknown,synthetic_augmentation,,,
695,"worst customer support can't connect them, trying to reach restaurant it's switched off jaldi",unknown,synthetic_augmentation,,,
696,"Bhai worst customer support can't connect them, trying to reach restaurant it's switched off jaldi",unknown,synthetic_augmentation,,,
697,Please fix this: not good to expensive,unknown,synthetic_augmentation,,,
698,Please fix this: not good to expensive jaldi,unknown,synthetic_augmentation,,,
699,"Yaar the support chatbot doesn't let you cancel the order until it is prepared and then it says it can't cancel the order now. the chatbot doesn't connect us to a supervisor even when explicitly told to do so several times. it takes 3 seperate conversations, half an hour and a call from the manager to cancel one order after the delivery guy is already at our doorstep. absolute horrid customer support. ps: has happened multiple times immediately",unknown,synthetic_augmentation,,,
700,"Bug: the support chatbot doesn't let you cancel the order until it is prepared and then it says it can't cancel the order now. the chatbot doesn't connect us to a supervisor even when explicitly told to do so several times. it takes 3 seperate conversations, half an hour and a call from the manager to cancel one order after the delivery guy is already at our doorstep. absolute horrid customer support. ps: has happened multiple times jaldi",unknown,synthetic_augmentation,,,
701,Bug: they are charging too much extra charges yaar,unknown,synthetic_augmentation,,,
702,Bhai they are charging too much extra charges yaar,unknown,synthetic_augmentation,,,
703,very bad experience jaldi,unknown,synthetic_augmentation,,,
704,very bad experience asap,unknown,synthetic_augmentation,,,
705,Bug: pathetic service yaar,unknown,synthetic_augmentation,,,
706,pathetic service!,unknown,synthetic_augmentation,,,
707,the zomato associated hotel scammed me and the zomato is also scamming with them as well and i faced an issue with the order and they told they will look into and after some time they are saying we are not to able to reach out to that restaurant how the hell you guys are connected with restaurant without the correct communication strategy get the hell out of this app,unknown,synthetic_augmentation,,,
708,the zomato associated hotel scammed me and the zomato is also scamming with them as well and i faced an issue with the order and they told they will look into and after some time they are saying we are not to able to reach out to that restaurant how the hell you guys are connected with restaurant without the correct communication strategy get the hell out of this app jaldi,unknown,synthetic_augmentation,,,
709,Issue: the customer service chat is awfully bad.,unknown,synthetic_augmentation,,,
710,the customer service chat is awfully bad. jaldi,unknown,synthetic_augmentation,,,
711,Please fix this: ok jaldi,unknown,synthetic_augmentation,,,
712,Bug: ok,unknown,synthetic_augmentation,,,
713,Bug: last time i oder cheez busy pizza from your 250 offer the restrunt send me cold and stale pizza send me your zomato support also not help me this regarding my money waste just because of you yaar,unknown,synthetic_augmentation,,,
714,last time i oder cheez busy pizza from your 250 offer the restrunt send me cold and stale pizza send me your zomato support also not help me this regarding my money waste just because of you...,unknown,synthetic_augmentation,,,
715,Yaar ਟਾਈਮ ਜਿਆਦਾ ਲਗਾ ਦੀਯਾ,unknown,synthetic_augmentation,,,
716,Bug: ਟਾਈਮ ਜਿਆਦਾ ਲਗਾ ਦੀਯਾ yaar,unknown,synthetic_augmentation,,,
717,Please fix this: due to restorent availablity jaldi,unknown,synthetic_augmentation,,,
718,Bhai due to restorent availablity,unknown,synthetic_augmentation,,,
719,"Bug: the most pathetic app. they do not seem to have the capability to serve orders. there have been multiple instances of order cancellation an hour into the order. all they can do is talk, while on ground their service just seems to deteriorate with every passing day yaar",unknown,synthetic_augmentation,,,
720,"the most pathetic app. they do not seem to have the capability to serve orders. there have been multiple instances of order cancellation an hour into the order. all they can do is talk, while on ground their service just seems to deteriorate with every passing day...",unknown,synthetic_augmentation,,,
721,"turning 5 star to 3 as after the aqusition of uber eats the delivery is still restricted to small area. not as uber eats use to do. no competition seems no improvement, only improving the ui of the app doesn't make more sense. ur delivery and taxes are too high.",unknown,synthetic_augmentation,,,
722,"turning 5 star to 3 as after the aqusition of uber eats the delivery is still restricted to small area. not as uber eats use to do. no competition seems no improvement, only improving the ui of the app doesn't make more sense. ur delivery and taxes are too high. jaldi",unknown,synthetic_augmentation,,,
723,Please fix this: no way to contact resturant. jaldi,unknown,synthetic_augmentation,,,
724,Yaar no way to contact resturant. jaldi,unknown,synthetic_augmentation,,,
725,"Bhai worst don't order through zomato, quantity was very very less but they charging after coupon 160 ruprees asap",unknown,synthetic_augmentation,,,
726,"Yaar worst don't order through zomato, quantity was very very less but they charging after coupon 160 ruprees",unknown,synthetic_augmentation,,,
727,support system is not good!,unknown,synthetic_augmentation,,,
728,Bug: support system is not good asap,unknown,synthetic_augmentation,,,
729,all r good but cash on delivery not available 🤬🤬 asap,unknown,synthetic_augmentation,,,
730,all r good but cash on delivery not available 🤬🤬...,unknown,synthetic_augmentation,,,
731,Bug: location issue we can't order products for our relatives.!,unknown,synthetic_augmentation,,,
732,Please fix this: location issue we can't order products for our relatives. jaldi,unknown,synthetic_augmentation,,,
733,Bhai no offers and no discounts for me.....,unknown,synthetic_augmentation,,,
734,Issue: no offers and no discounts for me.....,unknown,synthetic_augmentation,,,
735,Yaar good yaar,unknown,synthetic_augmentation,,,
736,Please fix this: good immediately,unknown,synthetic_augmentation,,,
737,Bug: the worst customer support out of all the delivery companies. there is no option to connect to an actual human. everything is automated bot reply. zero help from support after missing delivery. asap,unknown,synthetic_augmentation,,,
738,Yaar the worst customer support out of all the delivery companies. there is no option to connect to an actual human. everything is automated bot reply. zero help from support after missing delivery.!,unknown,synthetic_augmentation,,,
739,Issue: the worst app to get your food delivered on the train . i have experienced it multiple times if the problem is really genuine then also the zomato customer care checks the patience of the consumer and frustrated them more instead of solving problems. today also the same thing happened i was traveling from the train and i ordered the food from zomato and i was literally rotten and had severe spillage issues and the packaging was also tempered. i complained against them but they didn't respond....,unknown,synthetic_augmentation,,,
740,Bug: the worst app to get your food delivered on the train . i have experienced it multiple times if the problem is really genuine then also the zomato customer care checks the patience of the consumer and frustrated them more instead of solving problems. today also the same thing happened i was traveling from the train and i ordered the food from zomato and i was literally rotten and had severe spillage issues and the packaging was also tempered. i complained against them but they didn't respond.,unknown,synthetic_augmentation,,,
741,heavy rate!,unknown,synthetic_augmentation,,,
742,Yaar heavy rate jaldi,unknown,synthetic_augmentation,,,
743,useless bhai maine khana mgaya inse aur mere ko rescue order pkda diya inlogo nai ose customer sai to payment khaye mere sai bhi payment khaye inhone no refund,unknown,synthetic_augmentation,,,
744,useless bhai maine khana mgaya inse aur mere ko rescue order pkda diya inlogo nai ose customer sai to amount khaye mere sai bhi amount khaye inhone no refund jaldi,unknown,synthetic_augmentation,,,
745,too many waste notifications....,unknown,synthetic_augmentation,,,
746,Bhai too many waste notifications. asap,unknown,synthetic_augmentation,,,
747,i have not got delivery... delivery person left without calling...,unknown,synthetic_augmentation,,,
748,i have not got delivery... delivery person left without calling!,unknown,synthetic_augmentation,,,
749,very very bad app.... this app delivery partner very long time food delivered asap,unknown,synthetic_augmentation,,,
750,very very bad app.... this app delivery partner very long time food delivered yaar,unknown,synthetic_augmentation,,,
751,"i’ve had a terrible experience with zomato. it had been over an hour since i placed my order; someone else took it, yet the company didn't inform me. it was only when i contacted them to complain that my order hadn't arrived that they told me someone else had picked it up. i had been waiting for my food for so long. asap",unknown,synthetic_augmentation,,,
752,"Bug: i’ve had a terrible experience with zomato. it had been over an hour since i placed my order; someone else took it, yet the company didn't inform me. it was only when i contacted them to complain that my order hadn't arrived that they told me someone else had picked it up. i had been waiting for my food for so long.!",unknown,synthetic_augmentation,,,
753,good asap,unknown,synthetic_augmentation,,,
754,Issue: good yaar,unknown,synthetic_augmentation,,,
755,Yaar wast of time,unknown,synthetic_augmentation,,,
756,wast of time jaldi,unknown,synthetic_augmentation,,,
757,Please fix this: so late jaldi,unknown,synthetic_augmentation,,,
758,Issue: so late immediately,unknown,synthetic_augmentation,,,
759,Bhai itne sare taxes khud se add kr rha hai very bad aap immediately,unknown,synthetic_augmentation,,,
760,itne sare taxes khud se add kr rha hai very bad aap yaar,unknown,synthetic_augmentation,,,
761,poor!,unknown,synthetic_augmentation,,,
762,poor...,unknown,synthetic_augmentation,,,
763,Issue: worst app ever t jaldi,unknown,synthetic_augmentation,,,
764,worst app ever t yaar,unknown,synthetic_augmentation,,,
765,Yaar delivery is taking too long asap,unknown,synthetic_augmentation,,,
766,delivery is taking too long yaar,unknown,synthetic_augmentation,,,
767,Bhai food 👎 immediately,unknown,synthetic_augmentation,,,
768,food 👎 jaldi,unknown,synthetic_augmentation,,,
769,"Bhai i ordered from zomato because i believed it was a reliable platform. however, my experience was very disappointing. the delivery partner went to the wrong location and refused to come to the correct address. after a long conversation, he asked for extra charges and took ₹50 from me. on top of that, the food was not fresh. it had a very bad smell, and the quality was unacceptable. i also did not receive any spoon with the order. jaldi",unknown,synthetic_augmentation,,,
770,"i ordered from zomato because i believed it was a reliable platform. however, my experience was very disappointing. the delivery partner went to the wrong location and refused to come to the correct address. after a long conversation, he asked for extra charges and took ₹50 from me. on top of that, the food was not fresh. it had a very bad smell, and the quality was unacceptable. i also did not receive any spoon with the order. jaldi",unknown,synthetic_augmentation,,,
771,bad service...,unknown,synthetic_augmentation,,,
772,Bhai bad service!,unknown,synthetic_augmentation,,,
773,it give me stress . immediately,unknown,synthetic_augmentation,,,
774,Issue: it give me stress . yaar,unknown,synthetic_augmentation,,,
775,Yaar not delivering at my location...,unknown,synthetic_augmentation,,,
776,Bhai not delivering at my location asap,unknown,synthetic_augmentation,,,
777,no offers...,unknown,synthetic_augmentation,,,
778,Yaar no offers,unknown,synthetic_augmentation,,,
779,Bhai too late delivery very bad 😔😡 jaldi,unknown,synthetic_augmentation,,,
780,Yaar too late delivery very bad 😔😡 asap,unknown,synthetic_augmentation,,,
781,"Please fix this: i deleted my 2 years old zomato account with 500 plus orders. i was such a loyal and consistent customer but zomato never cared. customer support gets commission for not compensating us customers. one day i ordered a mutton and rotis combo, and no rotis was delivered to me. for which zomato just apologised after 24 hrs and no compensation. a wasted meal and also a loss. i decided to delete my account thinking they will care. but zomato never cared. i am not becoming their customer again. jaldi",unknown,synthetic_augmentation,,,
782,"i deleted my 2 years old zomato account with 500 plus orders. i was such a loyal and consistent customer but zomato never cared. customer support gets commission for not compensating us customers. one day i ordered a mutton and rotis combo, and no rotis was delivered to me. for which zomato just apologised after 24 hrs and no compensation. a wasted meal and also a loss. i decided to delete my account thinking they will care. but zomato never cared. i am not becoming their customer again. yaar",unknown,synthetic_augmentation,,,
783,Issue: very irresponsible. yaar,unknown,synthetic_augmentation,,,
784,very irresponsible....,unknown,synthetic_augmentation,,,
785,Please fix this: worst service by them,unknown,synthetic_augmentation,,,
786,worst service by them immediately,unknown,synthetic_augmentation,,,
787,Bug: very worst experience no response jaldi,unknown,synthetic_augmentation,,,
788,Bhai very worst experience no response immediately,unknown,synthetic_augmentation,,,
789,Please fix this: tax prices are too high.. asap,unknown,synthetic_augmentation,,,
790,Yaar tax prices are too high..,unknown,synthetic_augmentation,,,
791,Issue: not cash on delavery immediately,unknown,synthetic_augmentation,,,
792,Yaar not cash on delavery,unknown,synthetic_augmentation,,,
793,Bug: bauth hi bekar app hai immediately,unknown,synthetic_augmentation,,,
794,Yaar bauth hi bekar app hai yaar,unknown,synthetic_augmentation,,,
795,Bug: customer support is very worst jaldi,unknown,synthetic_augmentation,,,
796,Yaar customer support is very worst...,unknown,synthetic_augmentation,,,
797,"Bug: i ordered food item with prepaid, and company showing delivered but i haven't received, customer care is saying, she can't help. i lost my money yaar",unknown,synthetic_augmentation,,,
798,"Bug: i ordered food item with prepaid, and company showing delivered but i haven't received, customer care is saying, she can't help. i lost my money asap",unknown,synthetic_augmentation,,,
799,Issue: theek!,unknown,synthetic_augmentation,,,
800,Issue: theek yaar,unknown,synthetic_augmentation,,,
801,Bug: this is very bad working,unknown,synthetic_augmentation,,,
802,Bug: this is very bad working,unknown,synthetic_augmentation,,,
803,bad app device environment show ho raha hai koi solution hai asap,unknown,synthetic_augmentation,,,
804,bad app device environment show ho raha hai koi solution hai asap,unknown,synthetic_augmentation,,,
805,Yaar cupan!,unknown,synthetic_augmentation,,,
806,Issue: cupan,unknown,synthetic_augmentation,,,
807,a payment app that actively tries to not only read all other apps but tries to be device admin. keeps pestering me to remove my av app with accessibility. my av app needs accessibility to enable protected browsing on mobile chrome. so paytm has to go. asap,unknown,synthetic_augmentation,,,
808,a payment app that actively tries to not only read all other apps but tries to be device admin. keeps pestering me to remove my av app with accessibility. my av app needs accessibility to enable private browsing on mobile chrome. so paytm has to go.!,unknown,synthetic_augmentation,,,
809,"Please fix this: dear paytm have been using paytm for more than 9 years now but for the past couple of weeks upon opening the app, an error appears ""warning [00000] device environment is not correct"" and then the app closes after a few seconds. looks like it is time to move on to a competitor because no solution found yet. already mailed this problem . *recd. your reply but tried to open url you sent but, but this page not found & url is expired url is incorrect unexpected error occurred what should i do now asap",unknown,synthetic_augmentation,,,
810,"Bug: dear paytm have been using paytm for more than 9 years now but for the past couple of weeks upon opening the app, an error appears ""warning [00000] device environment is not correct"" and then the app closes after a few seconds. looks like it is time to move on to a competitor because no solution found yet. already mailed this problem . *recd. your reply but tried to open url you sent but, but this page not found & url is expired url is incorrect unexpected error occurred what should i do now jaldi",unknown,synthetic_augmentation,,,
811,"Bug: so when i try to make a payment from another app using paytm upi and i the tap make payment using fingerprint option for upi the paytm triggers anr, which is application not responding",unknown,synthetic_augmentation,,,
812,"Please fix this: so when i try to make a payment from another app using paytm upi and i the tap make payment using fingerprint option for upi the paytm triggers anr, which is application not responding yaar",unknown,synthetic_augmentation,,,
813,Bhai good,unknown,synthetic_augmentation,,,
814,Yaar good immediately,unknown,synthetic_augmentation,,,
815,Bug: very bad yaar,unknown,synthetic_augmentation,,,
816,Issue: very bad immediately,unknown,synthetic_augmentation,,,
817,Issue: all apps except paytm not working on moto 60 fusion it is regretting kindly clear glitch...,unknown,synthetic_augmentation,,,
818,Yaar all apps except paytm not working on moto 60 fusion it is regretting kindly clear glitch immediately,unknown,synthetic_augmentation,,,
819,something fishy.... not showing bought gold details in this app. it removed from the app.,unknown,synthetic_augmentation,,,
820,something fishy.... not showing bought gold details in this app. it removed from the app.,unknown,synthetic_augmentation,,,
821,Yaar ok,unknown,synthetic_augmentation,,,
822,Issue: ok asap,unknown,synthetic_augmentation,,,
823,Bug: waste this app my money transfer then 6 days then received. jaldi,unknown,synthetic_augmentation,,,
824,Please fix this: waste this app my money transfer then 6 days then received. yaar,unknown,synthetic_augmentation,,,
825,"Issue: i would like to rate zero but there is no option of zero so i selected one the literally did scam with me i spend years of time to collect gold coin and now they are offering me gold worth 0.57 ruppes , and also deed scam of rs 50 immediately",unknown,synthetic_augmentation,,,
826,"Please fix this: i would like to rate zero but there is no option of zero so i selected one the literally did scam with me i spend years of time to collect gold coin and now they are offering me gold worth 0.57 ruppes , and also deed scam of rs 50...",unknown,synthetic_augmentation,,,
827,"repeatedly getting device environment is not correct. error code is 000000. checked all necessary causes like no cloned app, no rooted device, no unprotected app. still showing the issue. useless to show error until it can identify the exact issue. not able to use this app since a month...",unknown,synthetic_augmentation,,,
828,"Yaar repeatedly getting device environment is not correct. error code is 000000. checked all necessary causes like no cloned app, no rooted device, no unprotected app. still showing the issue. useless to show error until it can identify the exact issue. not able to use this app since a month!",unknown,synthetic_augmentation,,,
829,it's not working in my device poco f1. immediately,unknown,synthetic_augmentation,,,
830,Bhai it's not working in my device poco f1. asap,unknown,synthetic_augmentation,,,
831,"Bhai unable to use because i use accessibility service and it's important, so changing my upi app now it tells me to remove greenify app. stop forcing what to do. i better change payment app immediately",unknown,synthetic_augmentation,,,
832,"Yaar unable to use because i use accessibility service and it's important, so changing my upi app now it tells me to remove greenify app. stop forcing what to do. i better change payment app immediately",unknown,synthetic_augmentation,,,
833,Bug: i have not received cash back as shown before i pay it is useless app,unknown,synthetic_augmentation,,,
834,Issue: i have not received cash back as shown before i pay it is useless app!,unknown,synthetic_augmentation,,,
835,Bhai super yaar,unknown,synthetic_augmentation,,,
836,Yaar super asap,unknown,synthetic_augmentation,,,
837,Bhai worst payment platform someone stolen my 69800 rs through paytm platform through hacking even i secure paytm with seprate lock and after that they did not even give any help regarding that and didn't any helpline no or mail regarding this!,unknown,synthetic_augmentation,,,
838,Yaar worst payment platform someone stolen my 69800 rs through paytm platform through hacking even i secure paytm with seprate lock and after that they did not even give any help regarding that and didn't any helpline no or mail regarding this,unknown,synthetic_augmentation,,,
839,Issue: worst customer support i'm very disappointed and i'm facing issue with my refund process no one is looking into it immediately,unknown,synthetic_augmentation,,,
840,Please fix this: worst customer support i'm very disappointed and i'm facing issue with my refund process no one is looking into it immediately,unknown,synthetic_augmentation,,,
841,bring back accessbility or i say good bye immediately,unknown,synthetic_augmentation,,,
842,Issue: bring back accessbility or i say good bye yaar,unknown,synthetic_augmentation,,,
843,Bhai bunch of frauds,unknown,synthetic_augmentation,,,
844,bunch of frauds!,unknown,synthetic_augmentation,,,
845,Issue: maninder immediately,unknown,synthetic_augmentation,,,
846,maninder asap,unknown,synthetic_augmentation,,,
847,worst app it's doesn't give cashback to me this all offers are fake. don't use this app and this app cashback offers are fake this app only take money don't give it back 😡😡😡😡😡😡😡😡!,unknown,synthetic_augmentation,,,
848,Bhai worst app it's doesn't give cashback to me this all offers are fake. don't use this app and this app cashback offers are fake this app only take money don't give it back 😡😡😡😡😡😡😡😡!,unknown,synthetic_augmentation,,,
849,Issue: manyav 😔 immediately,unknown,synthetic_augmentation,,,
850,Bhai manyav 😔 immediately,unknown,synthetic_augmentation,,,
851,nice yaar,unknown,synthetic_augmentation,,,
852,nice...,unknown,synthetic_augmentation,,,
853,can't connect to customer care and from last few days app crash and only warning i get is device environment is not correct. it's been five days even after the complaint and app is still not working,unknown,synthetic_augmentation,,,
854,Issue: can't connect to customer care and from last few days app crash and only warning i get is device environment is not correct. it's been five days even after the complaint and app is still not working yaar,unknown,synthetic_augmentation,,,
855,"Yaar hello paytm support, my cibil name correction has already been completed and my name is updated correctly, but i am still unable to view my cibil score in the paytm app and it shows ""something went wrong, please retry after sometime"". please check and resolve this issue. jaldi",unknown,synthetic_augmentation,,,
856,"Issue: hello paytm support, my cibil name correction has already been completed and my name is updated correctly, but i am still unable to view my cibil score in the paytm app and it shows ""something went wrong, please retry after sometime"". please check and resolve this issue. asap",unknown,synthetic_augmentation,,,
857,Yaar very poor services!,unknown,synthetic_augmentation,,,
858,Bug: very poor services asap,unknown,synthetic_augmentation,,,
859,payment pending but not atak gaya not success yaar,unknown,synthetic_augmentation,,,
860,Bug: payment pending but not error de raha hai not success immediately,unknown,synthetic_augmentation,,,
861,Yaar very slow internet speed...,unknown,synthetic_augmentation,,,
862,Issue: very slow internet speed asap,unknown,synthetic_augmentation,,,
863,Issue: don't book a bus this app... information issue yaar,unknown,synthetic_augmentation,,,
864,don't book a bus this app... information issue immediately,unknown,synthetic_augmentation,,,
865,was using paytm since many years..it was outstanding..but since past 3/4 months i'm unable to make any single transaction through any of my 4 accounts due to an idiotic issue call upi risk policy of paytm..& they have no solution for it.. their helpline number isn't available too. & the stupid bot also have no idea regarding that if u raise any ticket..time to uninstall.....,unknown,synthetic_augmentation,,,
866,Issue: was using paytm since many years..it was outstanding..but since past 3/4 months i'm unable to make any single transaction through any of my 4 accounts due to an idiotic issue call upi risk policy of paytm..& they have no solution for it.. their helpline number isn't available too. & the stupid bot also have no idea regarding that if u raise any ticket..time to uninstall.. asap,unknown,synthetic_augmentation,,,
867,overall totally worth immediately,unknown,synthetic_augmentation,,,
868,Issue: overall totally worth immediately,unknown,synthetic_augmentation,,,
869,i like paytm app in 2025 but now days there is some error. my paytm is not open asap,unknown,synthetic_augmentation,,,
870,Issue: i like paytm app in 2025 but now days there is some error. my paytm is not open,unknown,synthetic_augmentation,,,
871,Bhai don't buy anything from paytm gift voucher you'll regret it for sure and you should hesitate yourself by giving this poor quality products i am very disappointed i'll delete the app if you'll not refund me...,unknown,synthetic_augmentation,,,
872,Bhai don't buy anything from paytm gift voucher you'll regret it for sure and you should hesitate yourself by giving this poor quality products i am very disappointed i'll delete the app if you'll not refund me immediately,unknown,synthetic_augmentation,,,
873,Yaar sir payment nahi ho raha!,unknown,synthetic_augmentation,,,
874,Bhai sir payment nahi ho raha...,unknown,synthetic_augmentation,,,
875,"saale cashback ke naam pe 1 gold coin dete h , offer me 50rs off by payning by upi aur payment krne pe 1 gold coin immediately",unknown,synthetic_augmentation,,,
876,"Please fix this: saale cashback ke naam pe 1 gold coin dete h , offer me 50rs off by payning by upi aur payment krne pe 1 gold coin",unknown,synthetic_augmentation,,,
877,"Issue: ever since i installed this app, i've been getting a lot of credit cards and loan spam calls. utterly useless and privacy risk app",unknown,synthetic_augmentation,,,
878,"Bug: ever since i installed this app, i've been getting a lot of credit cards and loan spam calls. utterly useless and privacy risk app!",unknown,synthetic_augmentation,,,
879,"the app is not working at all, now i'm stuck worst experience ever asap",unknown,synthetic_augmentation,,,
880,"Bug: the app is not working at all, now i'm stuck worst experience ever...",unknown,synthetic_augmentation,,,
881,Bhai not good it's a unusual app...,unknown,synthetic_augmentation,,,
882,Yaar not good it's a unusual app yaar,unknown,synthetic_augmentation,,,
883,upi lite is showing an error continuously!,unknown,synthetic_augmentation,,,
884,Bug: upi lite is showing an error continuously immediately,unknown,synthetic_augmentation,,,
885,Please fix this: third class app koi cashback nahi deta 100 batata hai aur 1/2 deta hai 👎👎 download mat karna 👎👎 useless app 👎👎👎👎 don't use this app👎👎,unknown,synthetic_augmentation,,,
886,Please fix this: third class app koi cashback nahi deta 100 batata hai aur 1/2 deta hai 👎👎 download mat karna 👎👎 useless app 👎👎👎👎 don't use this app👎👎 jaldi,unknown,synthetic_augmentation,,,
887,Yaar my paytm is not working and it's showing the device environment is not correct again and agian!,unknown,synthetic_augmentation,,,
888,my paytm is not working and it's showing the device environment is not correct again and agian immediately,unknown,synthetic_augmentation,,,
889,"my phone flags it as a virus and malicious app, doesn't let me keep the app open at all??!",unknown,synthetic_augmentation,,,
890,"my phone flags it as a virus and malicious app, doesn't let me keep the app open at all?? kya bakwas hai",unknown,synthetic_augmentation,,,
891,Bhai good yaar,unknown,synthetic_augmentation,,,
892,good yaar,unknown,synthetic_augmentation,,,
893,Bug: very bed process 👎👎👎 immediately,unknown,synthetic_augmentation,,,
894,Issue: very bed process 👎👎👎 jaldi,unknown,synthetic_augmentation,,,
895,"Bhai complete scam – frustrating support & stolen food wallet balance i am extremely frustrated with paytm’s pathetic service regarding my food wallet balance. i have money in my food wallet, however i am not able to use it as it's wallet service is suspended by rbi. the customer support system is highly unethical and designed to make users give. the automated chat loops constantly. immediately",unknown,synthetic_augmentation,,,
896,"Issue: complete scam – frustrating support & stolen food wallet balance i am extremely frustrated with paytm’s pathetic service regarding my food wallet balance. i have money in my food wallet, however i am not able to use it as it's wallet service is suspended by rbi. the customer support system is highly unethical and designed to make users give. the automated chat loops constantly. asap",unknown,synthetic_augmentation,,,
897,Issue: my paytm wallet is not working. i cannot transfer money from my paytm wallet to anyone else even though i have more than ₹900 in my paytm wallet. i don't have a bank account. asap,unknown,synthetic_augmentation,,,
898,Bug: my paytm wallet is not working. i cannot transfer money from my paytm wallet to anyone else even though i have more than ₹900 in my paytm wallet. i don't have a bank account. immediately,unknown,synthetic_augmentation,,,
899,Please fix this: paytm not open q asap,unknown,synthetic_augmentation,,,
900,Bug: paytm not open q yaar,unknown,synthetic_augmentation,,,
901,"Bhai worst app, all fake rewards, did not receive my rs.100 cashback asap",unknown,synthetic_augmentation,,,
902,"Bug: worst app, all fake rewards, did not receive my rs.100 cashback jaldi",unknown,synthetic_augmentation,,,
903,paytm post paid 3 years but not opening my cbil score 780 but daily message daily loan messages but not approved scam messages sir loan messages daily send your app hamesha aise hota hai,unknown,synthetic_augmentation,,,
904,paytm post paid 3 years but not opening my cbil score 780 but daily message daily loan messages but not approved scam messages sir loan messages daily send your app!,unknown,synthetic_augmentation,,,
905,Please fix this: worst app immediately,unknown,synthetic_augmentation,,,
906,Yaar worst app!,unknown,synthetic_augmentation,,,
907,Issue: it was doing amazingly and i consider it the best upi app but off late it's been crashing frequently.,unknown,synthetic_augmentation,,,
908,Please fix this: it was doing amazingly and i consider it the best upi app but off late it's been crashing frequently.,unknown,synthetic_augmentation,,,
909,"Please fix this: i scan qr code for assured cashback and it not responding, just taking to the play store asap",unknown,synthetic_augmentation,,,
910,"Bug: i scan qr code for assured cashback and it not responding, just taking to the play store yaar",unknown,synthetic_augmentation,,,
911,i had kept some fds. after rbi banned licence fds page is not loading. my amount is not visible . after paytm's reply : the link says we don't serve paytm payments bank or fd related issues....,unknown,synthetic_augmentation,,,
912,Please fix this: i had kept some fds. after rbi banned licence fds page is not loading. my amount is not visible . after paytm's reply : the link says we don't serve paytm payments bank or fd related issues. immediately,unknown,synthetic_augmentation,,,
913,Bug: i have used an updated version still it was asking please update and did not access the app.. really very worst experience.. immediately,unknown,synthetic_augmentation,,,
914,Issue: i have used an updated version still it was asking please update and did not access the app.. really very worst experience.. jaldi,unknown,synthetic_augmentation,,,
915,application not working. hamesha aise hota hai,unknown,synthetic_augmentation,,,
916,Yaar application not working. jaldi,unknown,synthetic_augmentation,,,
917,"Issue: earlier i used this app but now it's not working properly. whenever going to login it's error de raha haiing everytime, showing a dialogue box 'connection has timed out'. please help..",unknown,synthetic_augmentation,,,
918,"Yaar earlier i used this app but now it's not working properly. whenever going to login it's stucking everytime, showing a dialogue box 'connection has timed out'. please help.. yaar",unknown,synthetic_augmentation,,,
919,"my money in paytm fixed deposit is stucked. it's a fraud app, disgusting yaar",unknown,synthetic_augmentation,,,
920,"Please fix this: my money in paytm fixed deposit is stucked. it's a fraud app, disgusting!",unknown,synthetic_augmentation,,,
921,Please fix this: bakwas asap,unknown,synthetic_augmentation,,,
922,bakwas asap,unknown,synthetic_augmentation,,,
923,"don't trust paytm reffer & win program, koi cashback nai deta ye app aapka time barbad karta hai paytm yaar",unknown,synthetic_augmentation,,,
924,"don't trust paytm reffer & win program, koi cashback nai deta ye app aapka time barbad karta hai paytm yaar",unknown,synthetic_augmentation,,,
925,"i recently changed my mobile and on new device i am not able to use upi as the device activation error de raha haiing always. also, upi lite balance is not updated. it is completely useless....",unknown,synthetic_augmentation,,,
926,"Yaar i recently changed my mobile and on new device i am not able to use upi as the device activation stucking always. also, upi lite balance is not updated. it is completely useless. asap",unknown,synthetic_augmentation,,,
927,"Please fix this: paytm app refferal program me koi reffer mat karna, koi cashback nai deta hai ye app immediately",unknown,synthetic_augmentation,,,
928,"paytm app refferal program me koi reffer mat karna, koi cashback nai deta hai ye app...",unknown,synthetic_augmentation,,,
929,app not proper work and it not reinstall. show loading and error show with paytm team side.!,unknown,synthetic_augmentation,,,
930,Please fix this: app not proper work and it not reinstall. show loading and error show with paytm team side. yaar,unknown,synthetic_augmentation,,,
931,"Bhai this was a terrible customer service experience. my query remained unresolved, i couldn't connect with a customer care agent, and i was unable to proceed beyond the chatbot in their help section. furthermore, they didn't provide an email address or a customer care phone number for follow-up. the link for submitting a ticket is returning an internal server error....",unknown,synthetic_augmentation,,,
932,"Yaar this was a terrible customer service experience. my query remained unresolved, i couldn't connect with a customer care agent, and i was unable to proceed beyond the chatbot in their help section. furthermore, they didn't provide an email address or a customer care phone number for follow-up. the link for submitting a ticket is returning an internal server error. jaldi",unknown,synthetic_augmentation,,,
933,Bhai i liked this app so much. but its not wrking now on my device. giving error code 61007...,unknown,synthetic_augmentation,,,
934,i liked this app so much. but its not wrking now on my device. giving error code 61007,unknown,synthetic_augmentation,,,
935,don't download this app because he can't add money and offer up 500 rs but received only 2-5 rs yaar,unknown,synthetic_augmentation,,,
936,Yaar don't download this app because he can't add money and offer up 500 rs but received only 2-5 rs,unknown,synthetic_augmentation,,,
937,Please fix this: not working properly. showing that insert the correct sim. that was already in phone with primary slot. other apps are working properly. but this one shows the error. asap,unknown,synthetic_augmentation,,,
938,Please fix this: not working properly. showing that insert the correct sim. that was already in phone with primary slot. other apps are working properly. but this one shows the error. yaar,unknown,synthetic_augmentation,,,
939,Bhai now dose not working in my phone google pixel 6a asap,unknown,synthetic_augmentation,,,
940,Please fix this: now dose not working in my phone google pixel 6a jaldi,unknown,synthetic_augmentation,,,
941,"Issue: extremely bad experience, it keeps saying malicious apps, error 61009 but doesn't tell what app is the issue, tried uninstalling numerous apps and restarting nothing worked. cant even contact customer support since app doesnt allow it to open prob gonna uninstall it now!",unknown,synthetic_augmentation,,,
942,"extremely bad experience, it keeps saying malicious apps, error 61009 but doesn't tell what app is the issue, tried uninstalling numerous apps and restarting nothing worked. cant even contact customer support since app doesnt allow it to open prob gonna uninstall it now",unknown,synthetic_augmentation,,,
943,"Issue: * paytm is too laggy compared to phonepe. * in my storage paytm takes 142mb & phonepe 314mb. * but, paytm takes more time to load in my samsung f34...",unknown,synthetic_augmentation,,,
944,"Issue: * paytm is too laggy compared to phonepe. * in my storage paytm takes 142mb & phonepe 314mb. * but, paytm takes more time to load in my samsung f34 immediately",unknown,synthetic_augmentation,,,
945,i send money and it said succesful but the receiver didn't received the money .. i waited for 24 hours but still no money was refunded ... worst app yaar,unknown,synthetic_augmentation,,,
946,Bug: i send money and it said succesful but the receiver didn't received the money .. i waited for 24 hours but still no money was refunded ... worst app...,unknown,synthetic_augmentation,,,
947,"Please fix this: warning: extremely poor experience with mmtc-pamp digital gold – physical gold coin marked delivered but never received,very poor customer service and no customer support, the most disappointing part of this experience is the customer service. despite contacting mmtc-pamp customer care, paytm support, and the delivery partner numerous times over the last four weeks, i have received no proper response or resolution.customer support, lack of accountability, and complete error de raha haiure in communication. immediately",unknown,synthetic_augmentation,,,
948,"Please fix this: warning: extremely poor experience with mmtc-pamp digital gold – physical gold coin marked delivered but never received,very poor customer service and no customer support, the most disappointing part of this experience is the customer service. despite contacting mmtc-pamp customer care, paytm support, and the delivery partner numerous times over the last four weeks, i have received no proper response or resolution.customer support, lack of accountability, and complete atak gayaure in communication. yaar",unknown,synthetic_augmentation,,,
949,"unable to login suddenly,showing the error system detects modifications , i'm not done any modification jaldi",unknown,synthetic_augmentation,,,
950,"unable to login suddenly,showing the error system detects modifications , i'm not done any modification...",unknown,synthetic_augmentation,,,
951,Bhai not open app say warning 😡 asap,unknown,synthetic_augmentation,,,
952,Issue: not open app say warning 😡 asap,unknown,synthetic_augmentation,,,
953,i can't cancel my automatic payment.... it's really worst app... yaar,unknown,synthetic_augmentation,,,
954,Bhai i can't cancel my automatic payment.... it's really worst app... asap,unknown,synthetic_augmentation,,,
955,Please fix this: crash jaldi,unknown,synthetic_augmentation,,,
956,Bug: crash...,unknown,synthetic_augmentation,,,
957,y this app is giving trouble not opening the app since last two weeks. pl solve this problem i am facing transactions problams while opening time. immediately,unknown,synthetic_augmentation,,,
958,Please fix this: y this app is giving trouble not opening the app since last two weeks. pl solve this problem i am facing transactions problams while opening time....,unknown,synthetic_augmentation,,,
959,Please fix this: whenever i open my paytm it says '61009 malicious software detected'and the app automatically closes no matter what at least tell me which software i have is malicious software i can uninstall it that all i have to say,unknown,synthetic_augmentation,,,
960,Bhai whenever i open my paytm it says '61009 malicious software detected'and the app automatically closes no matter what at least tell me which software i have is malicious software i can uninstall it that all i have to say...,unknown,synthetic_augmentation,,,
961,Yaar railway ticket booking but not successful money will be debited from my account show time one hours money will benot return in my account how much time refund my amount immediately,unknown,synthetic_augmentation,,,
962,railway ticket booking but not successful money will be debited from my account show time one hours money will benot return in my account how much time refund my amount!,unknown,synthetic_augmentation,,,
963,worst app it misleads with gold.. because of this mislead info..i ended with 300 losses.. i used for more than 6 years..now i will never install it again yaar,unknown,synthetic_augmentation,,,
964,worst app it misleads with gold.. because of this mislead info..i ended with 300 losses.. i used for more than 6 years..now i will never install it again...,unknown,synthetic_augmentation,,,
965,Issue: no 1 fraud company in india soon it will end up in biggest scam company in india no 1 chutiya company in world jaldi,unknown,synthetic_augmentation,,,
966,Yaar no 1 fraud company in india soon it will end up in biggest scam company in india no 1 chutiya company in world,unknown,synthetic_augmentation,,,
967,Bug: there's an error on the login page that says device environment is not correct. warning error code [ 00000 ]....,unknown,synthetic_augmentation,,,
968,there's an error on the login page that says device environment is not correct. warning error code [ 00000 ]. yaar,unknown,synthetic_augmentation,,,
969,chalu paytm chalu asap,unknown,synthetic_augmentation,,,
970,chalu paytm chalu!,unknown,synthetic_augmentation,,,
971,"pathetic app. how do i contact anyone. for every resolution they just have a bot. my flight got cancelled, and apparently refund hasn't been initiated by paytm.",unknown,synthetic_augmentation,,,
972,"Please fix this: pathetic app. how do i contact anyone. for every resolution they just have a bot. my flight got cancelled, and apparently refund hasn't been initiated by paytm. asap",unknown,synthetic_augmentation,,,
973,fake voucher and never claimed cash back offers and coupons,unknown,synthetic_augmentation,,,
974,Yaar fake voucher and never claimed cash back offers and coupons!,unknown,synthetic_augmentation,,,
975,tried using paytm again after a long time because flipkart suggested it for payment. but as usual in terms and conditions and extra minute details it always feels like scam and was scam infact. try to do some good. you reminded me in using your app for just 2 minutes on why i don't use paytm.!,unknown,synthetic_augmentation,,,
976,tried using paytm again after a long time because flipkart suggested it for payment. but as usual in terms and conditions and extra minute details it always feels like scam and was scam infact. try to do some good. you reminded me in using your app for just 2 minutes on why i don't use paytm.!,unknown,synthetic_augmentation,,,
977,"Bhai very bad response, no supports, i have facing the issue few days mail also done but not received any response yet.!",unknown,synthetic_augmentation,,,
978,"very bad response, no supports, i have facing the issue few days mail also done but not received any response yet. immediately",unknown,synthetic_augmentation,,,
979,nice asap,unknown,synthetic_augmentation,,,
980,Issue: nice jaldi,unknown,synthetic_augmentation,,,
981,"Bhai this app show cashback so many times but i don't even get 1 rupee after my payment, so worst app it is yaar",unknown,synthetic_augmentation,,,
982,"Bug: this app show cashback so many times but i don't even get 1 rupee after my payment, so worst app it is immediately",unknown,synthetic_augmentation,,,
983,i hate this app jaldi,unknown,synthetic_augmentation,,,
984,Issue: i hate this app!,unknown,synthetic_augmentation,,,
985,"Bhai this is a froud, 1st say i give cashback on flipkart shopping and after payment done no cashback come, 🥵, bad experience..",unknown,synthetic_augmentation,,,
986,"Yaar this is a froud, 1st say i give cashback on flipkart shopping and after payment done no cashback come, 🥵, bad experience.. asap",unknown,synthetic_augmentation,,,
987,Bhai there is no chance to give zero star otherwise i will give only that. worst upi app which cause for money loss useless customer service too the reason for that useless service from the app i think maybe the app owner and each and every staff are born for 🤬🤬🤬🤬 asap,unknown,synthetic_augmentation,,,
988,Bug: there is no chance to give zero star otherwise i will give only that. worst upi app which cause for money loss useless customer service too the reason for that useless service from the app i think maybe the app owner and each and every staff are born for 🤬🤬🤬🤬...,unknown,synthetic_augmentation,,,
989,Bhai the worst payment app changed my name by xxx and refused to changed my name yaar,unknown,synthetic_augmentation,,,
990,Issue: the worst payment app changed my name by xxx and refused to changed my name jaldi,unknown,synthetic_augmentation,,,
991,Bug: app nahi chal raha hii phone me jaldi,unknown,synthetic_augmentation,,,
992,Yaar app nahi chal raha hii phone me!,unknown,synthetic_augmentation,,,
993,Bug: raman kumarrajput!,unknown,synthetic_augmentation,,,
994,raman kumarrajput jaldi,unknown,synthetic_augmentation,,,
995,"Please fix this: im unable to withdraw my money from paytm wallet, what to do customer support also not replying about this issue...",unknown,synthetic_augmentation,,,
996,"Bhai im unable to withdraw my money from paytm wallet, what to do customer support also not replying about this issue yaar",unknown,synthetic_augmentation,,,
997,Bhai i have been trying to get in touch regarding one of my extra payments deducted but no update yet.... pathetic customer support... not going to use paytm postpaid again......,unknown,synthetic_augmentation,,,
998,Please fix this: i have been trying to get in touch regarding one of my extra payments deducted but no update yet.... pathetic customer support... not going to use paytm postpaid again... yaar,unknown,synthetic_augmentation,,,
999,worst experience from paytm due to app fault i lost about 1400 immediately,unknown,synthetic_augmentation,,,
1000,worst experience from paytm due to app fault i lost about 1400 asap,unknown,synthetic_augmentation,,,
